vacancy_id,skill_id
1,1
1,2
1,3
1,4
1,5
1,6
1,7
2,1
2,8
2,10
2,11
2,12
2,13
2,14
2,15
2,16
2,17
2,18
2,19
2,20
2,21
2,22
2,23
2,24
2,25
2,26
2,27
2,28
2,29
3,1
3,3
3,5
3,8
3,10
3,13
3,14
3,16
3,22
3,31
3,32
3,34
3,36
3,37
3,38
3,39
3,40
3,41
3,44
3,45
3,46
3,47
3,48
3,49
3,50
3,51
3,54
3,55
3,57
3,58
3,59
3,60
3,61
3,62
3,64
3,65
3,66
4,10
4,36
4,59
4,65
4,68
4,69
4,70
4,71
4,74
4,75
4,76
4,77
4,78
4,79
4,80
4,82
4,83
4,84
4,85
5,1
5,8
5,14
5,18
5,22
5,47
5,91
6,1
6,8
6,14
6,18
6,22
6,47
6,91
7,1
7,10
7,22
7,44
7,91
7,100
7,104
7,106
8,12
8,109
8,110
8,111
8,112
9,1
9,8
9,14
9,18
9,22
9,47
9,91
9,118
9,120
10,1
10,8
10,14
10,22
10,44
10,122
10,123
10,124
10,125
10,129
10,132
11,12
11,14
11,18
11,22
11,134
11,137
11,139
11,140
11,141
12,1
12,8
12,14
12,18
12,22
12,47
12,91
12,118
12,120
15,1
15,13
15,18
15,20
15,167
15,168
15,169
15,170
15,171
18,1
18,10
18,20
18,22
18,44
18,104
18,106
18,192
18,194
19,1
19,8
19,14
19,18
19,22
19,47
19,91
20,1
20,10
20,14
20,141
20,208
20,209
20,210
20,211
20,212
20,213
35,1
35,8
35,14
35,36
35,59
35,328
35,330
36,1
36,10
36,22
36,44
36,100
36,104
37,1
37,10
37,22
37,44
37,91
37,104
37,106
38,1
38,8
38,10
38,14
38,16
38,18
38,20
38,22
38,59
38,210
38,345
38,346
38,354
38,356
38,357
38,358
38,359
38,360
38,361
38,362
38,363
38,364
38,365
38,366
38,367
38,369
38,370
38,371
39,8
39,13
39,14
39,22
39,44
39,91
39,118
40,1
40,6
40,8
40,10
40,16
40,18
40,20
40,37
40,58
40,383
40,385
40,386
40,389
40,392
41,1
41,10
41,22
41,48
41,123
41,156
41,208
41,211
41,212
41,213
41,394
41,396
41,398
41,400
41,401
41,406
41,409
41,410
41,411
41,412
42,7
42,12
42,20
42,22
42,59
42,111
42,419
42,420
42,421
42,422
42,423
42,424
42,425
42,426
44,1
44,8
44,12
44,13
44,14
44,18
44,22
44,23
44,37
44,91
45,18
45,22
45,36
45,37
45,123
45,139
45,445
45,446
45,449
45,451
45,452
45,454
45,456
45,457
45,458
46,12
46,13
46,14
46,18
46,22
46,137
46,140
46,141
46,156
46,161
46,210
46,323
46,469
46,470
47,1
47,5
47,18
47,36
47,40
47,59
47,65
47,91
47,392
47,396
47,456
47,478
47,482
47,486
48,12
48,18
48,79
48,125
48,211
48,456
48,487
48,489
48,490
48,493
48,495
48,496
48,499
48,500
49,1
49,10
49,36
49,68
49,91
49,141
49,210
49,505
49,509
49,510
49,511
49,512
49,513
50,1
50,5
50,8
50,10
50,12
50,14
50,37
50,91
50,141
50,367
50,522
50,523
50,524
51,1
51,10
51,44
51,104
52,1
52,10
52,13
52,38
52,44
52,210
52,537
53,1
53,5
53,8
53,10
53,15
53,16
53,20
53,37
53,50
53,80
53,91
53,208
53,389
53,392
53,469
53,486
53,541
53,547
122,16
122,561
122,567
122,570
123,1
123,8
123,10
123,37
123,652
124,1
124,10
124,12
124,66
124,85
124,100
124,1025
124,1129
124,1133
125,1
125,10
125,16
125,22
125,29
125,44
125,47
125,65
125,141
125,155
125,981
125,1041
125,1043
125,1045
125,1046
125,1047
125,1053
125,1139
125,1140
125,1141
125,1143
125,1145
125,1147
125,1149
125,1150
125,1153
125,1159
125,1163
125,1164
125,1165
126,1
126,10
126,12
126,65
126,982
126,994
126,1001
126,1002
127,1
127,10
127,12
127,14
127,109
127,323
127,411
127,967
128,1
128,12
128,982
129,1
129,10
129,16
129,29
129,47
129,68
129,567
129,1085
130,1091
130,1194
131,1
131,12
132,1
134,1
134,47
134,68
134,91
134,345
134,362
134,537
134,1043
134,1106
134,1112
134,1113
134,1117
134,1200
134,1206
134,1207
134,1209
134,1212
135,1
135,10
135,12
135,13
135,14
135,22
135,47
135,50
135,110
135,120
135,141
135,345
135,422
135,1113
135,1225
135,1228
135,1230
136,1
136,14
136,46
136,47
136,141
136,927
136,1025
136,1232
136,1233
136,1234
136,1235
136,1241
136,1244
136,1245
137,1
137,8
137,10
137,13
137,18
137,22
137,29
137,44
137,54
137,83
137,141
137,401
137,456
137,1027
137,1232
137,1248
137,1250
137,1251
137,1253
137,1256
137,1263
138,1
138,8
138,10
138,14
138,212
138,213
138,367
138,971
138,976
138,978
138,981
138,982
138,1278
139,1
139,10
140,1
140,8
140,10
140,16
140,37
140,44
140,58
140,385
140,386
140,1282
140,1286
140,1287
140,1288
140,1290
141,1
141,12
141,14
141,18
141,59
141,91
141,220
141,396
141,901
141,903
141,921
141,927
141,938
141,1305
141,1308
142,211
142,567
142,940
142,941
142,943
142,945
142,946
142,947
142,948
142,949
142,950
142,951
142,1311
142,1317
142,1318
142,1319
142,1321
142,1323
142,1325
142,1329
142,1330
143,1
143,8
143,10
143,16
143,23
143,37
143,44
143,58
143,385
143,386
143,1290
143,1335
143,1343
143,1344
144,1
144,8
144,13
144,14
144,15
144,22
144,36
144,37
144,46
144,65
144,139
144,141
144,362
144,365
144,567
144,1045
144,1107
144,1351
144,1353
144,1354
145,1
145,8
145,10
145,16
145,652
145,979
145,1372
146,1
146,10
147,1
147,10
147,37
147,346
147,1375
147,1380
148,1
148,8
148,10
148,16
148,652
148,979
148,1372
149,1
149,8
149,10
149,14
149,16
149,979
149,1372
150,1
150,8
150,10
150,14
150,16
150,1278
150,1372
151,1
151,10
151,16
151,22
151,29
151,118
151,992
152,1409
153,12
153,18
153,22
153,111
153,1411
153,1412
153,1413
154,1
154,8
154,10
154,111
155,65
155,70
155,83
155,141
155,1113
155,1413
155,1421
155,1422
155,1423
155,1425
155,1426
155,1427
155,1431
155,1432
155,1435
155,1436
156,1
156,18
156,1194
157,1
157,13
157,18
157,36
157,47
158,1
158,12
158,110
158,1445
159,12
160,1
160,8
160,10
160,14
160,16
160,22
160,44
160,50
160,51
160,58
160,123
160,362
160,364
160,396
160,411
160,456
160,561
160,567
160,1043
160,1423
160,1455
160,1457
160,1461
160,1465
160,1466
160,1471
160,1472
160,1473
160,1474
160,1479
160,1480
161,1481
161,1482
162,1
162,8
162,15
162,18
162,323
162,994
162,1484
163,1
163,12
163,18
163,1490
164,1
164,10
164,14
164,29
164,346
164,1494
164,1495
164,1500
164,1502
165,1
166,1
166,10
166,12
166,16
166,109
166,111
166,511
166,567
168,18
168,20
168,22
168,91
168,1502
168,1517
169,1
169,12
169,22
169,110
169,139
169,208
169,211
169,422
169,567
169,1524
169,1527
169,1528
169,1529
169,1531
170,1
170,8
170,1533
171,1
171,8
171,12
171,109
171,111
171,1536
172,1
172,22
172,123
172,411
172,1541
172,1544
173,1
174,1
174,8
174,10
174,12
174,994
174,1413
175,1
175,14
175,37
176,1
176,2
176,18
176,22
176,36
176,59
176,91
176,141
176,422
176,456
176,505
176,1027
176,1113
176,1253
176,1558
176,1559
176,1560
176,1561
176,1563
176,1570
176,1572
177,1
178,1
178,5
178,141
178,233
179,44
179,230
179,1585
179,1586
179,1587
180,1
180,5
180,47
180,65
180,78
180,82
180,120
180,141
180,362
180,365
180,976
180,1029
180,1036
180,1353
180,1592
180,1593
180,1597
180,1601
180,1602
180,1603
180,1605
180,1608
180,1609
181,1
181,10
181,16
181,123
181,561
181,567
181,1056
181,1613
181,1615
182,1
182,12
182,1620
183,13
183,111
183,422
183,911
183,981
183,1225
183,1627
183,1628
183,1630
184,1
184,8
184,12
184,14
184,982
185,1
185,5
185,8
185,10
185,16
185,22
185,23
185,91
185,141
185,346
185,401
185,486
185,1646
185,1650
186,1
186,12
186,567
186,1651
186,1653
187,1
187,5
187,12
187,445
187,1445
187,1656
188,1
188,567
188,903
188,1480
188,1494
188,1665
188,1666
188,1668
189,1
189,8
189,10
189,16
189,561
189,567
191,10
191,213
191,1676
192,1
192,567
192,1423
192,1480
192,1679
193,1
193,10
193,13
193,16
193,20
193,22
193,46
193,47
193,91
193,110
193,141
193,567
193,1112
193,1687
193,1688
193,1691
193,1692
193,1694
193,1701
193,1703
194,1
194,2
194,8
194,12
194,18
194,44
194,139
194,356
194,396
194,401
194,1165
194,1704
194,1705
194,1707
194,1708
194,1709
194,1713
194,1715
194,1717
194,1718
194,1721
194,1724
194,1726
195,1
195,10
195,91
195,422
195,1230
195,1731
196,1
196,8
196,14
196,15
196,47
196,120
196,123
196,398
196,422
196,567
196,1042
196,1679
196,1733
196,1734
196,1740
196,1741
197,1
197,5
197,8
197,10
197,14
197,16
197,123
197,364
197,411
197,561
197,567
197,979
197,1466
197,1472
197,1752
197,1758
197,1764
198,1
198,8
198,12
198,14
198,1423
199,1
199,5
199,8
199,10
199,13
199,14
199,16
199,18
199,37
199,192
199,456
199,486
199,541
199,567
199,1001
199,1782
200,12
200,37
200,1787
200,1788
200,1789
201,1
201,46
201,47
201,80
201,118
201,120
201,1033
201,1232
201,1472
201,1797
201,1800
201,1801
202,1
202,8
202,10
202,14
202,22
202,41
202,78
202,91
202,118
202,120
202,141
202,212
202,213
202,345
202,346
202,364
202,505
202,537
202,1113
202,1474
202,1666
202,1704
202,1764
202,1810
202,1816
202,1818
202,1822
202,1824
202,1830
203,1
203,8
203,14
203,123
203,1423
204,1
204,1480
204,1665
204,1666
204,1668
204,1679
204,1838
204,1840
204,1843
204,1847
204,1848
205,13
205,22
205,123
205,211
205,445
205,1850
205,1852
206,123
206,1042
206,1740
206,1857
207,1
207,8
207,14
207,37
207,1861
208,13
208,18
208,918
209,1
209,8
209,10
209,14
209,15
209,20
209,68
209,91
209,345
209,899
209,981
209,1045
209,1153
209,1159
209,1232
209,1423
209,1709
209,1764
209,1830
209,1869
209,1875
209,1876
209,1879
209,1880
209,1881
209,1890
209,1891
209,1895
210,1
210,12
210,109
210,111
210,1897
210,1898
210,1900
210,1901
211,1
211,5
211,12
211,37
211,982
211,1905
211,1910
212,1
212,567
212,1113
212,1423
212,1480
212,1679
213,1
213,8
213,10
213,14
213,16
213,22
213,44
213,51
213,58
213,123
213,362
213,364
213,411
213,561
213,567
213,1043
213,1423
213,1455
213,1457
213,1461
213,1466
213,1471
213,1474
213,1479
213,1480
213,1917
213,1930
213,1932
214,1
214,8
214,10
214,12
214,14
214,16
214,111
214,567
215,1
215,8
215,14
215,37
215,1861
216,1
216,12
216,14
216,15
216,91
216,323
216,560
216,561
216,567
216,1027
216,1413
216,1472
216,1500
216,1963
216,1971
217,1
218,46
218,156
218,422
218,1020
218,1974
219,12
220,1
220,8
220,10
220,14
220,16
220,65
220,66
220,123
220,141
220,1027
220,1989
221,1
221,2
221,364
221,1107
221,1248
221,1500
221,1991
221,1995
221,1997
222,2
222,12
222,14
222,2002
222,2003
223,1
223,12
223,2005
224,16
224,123
224,231
224,561
224,567
224,1042
224,1056
224,1741
224,2010
224,2013
224,2015
224,2017
224,2020
224,2021
224,2022
224,2023
225,1
225,10
225,16
225,68
225,83
225,511
225,1413
225,1656
225,2024
225,2026
225,2027
225,2028
225,2029
225,2032
225,2033
225,2039
225,2040
226,8
226,10
226,14
226,15
226,16
226,22
226,23
226,91
226,123
226,396
226,456
226,561
226,982
226,2042
227,1
227,2
227,37
227,58
227,345
227,346
227,486
227,524
227,1479
227,1531
227,1679
227,2057
227,2058
227,2059
227,2060
227,2061
227,2063
227,2064
227,2069
228,2074
228,2075
229,12
229,44
229,561
229,567
230,1
230,12
230,14
230,2080
230,2081
230,2083
231,8
231,13
231,18
231,20
231,58
231,419
231,422
231,445
231,1290
231,2086
231,2090
231,2093
231,2095
231,2097
231,2099
233,13
233,18
233,110
233,1930
233,2101
233,2102
233,2105
233,2106
233,2107
233,2108
233,2110
234,15
234,29
234,2113
234,2115
234,2116
234,2117
234,2118
234,2119
235,1
235,2
235,5
235,10
235,47
235,68
235,141
235,510
235,903
235,1025
235,1038
235,1112
235,1113
235,1666
235,1782
235,1824
235,1875
235,2120
235,2126
235,2127
235,2132
235,2134
235,2136
237,1
237,5
237,8
237,10
237,14
237,16
237,123
237,364
237,411
237,561
237,567
237,1278
237,1466
237,1472
237,1752
237,1758
237,1764
239,12
239,109
239,111
239,112
239,445
240,1
240,8
240,10
240,16
240,37
240,1701
240,2167
241,1
241,8
241,10
241,14
241,15
241,16
241,47
241,78
241,91
241,212
241,213
241,456
241,510
241,537
241,911
241,981
241,1043
241,1047
241,1085
241,1248
241,1423
241,2180
241,2181
241,2185
241,2193
242,1
242,10
242,65
242,68
242,83
242,1234
242,2197
242,2199
242,2200
242,2201
242,2202
242,2203
242,2205
242,2210
243,1423
244,1
244,652
245,1
245,5
245,8
245,10
245,14
245,15
245,16
245,22
245,65
245,66
245,123
245,141
245,1027
245,1457
245,1461
245,1471
245,1917
245,1930
245,1932
245,1989
245,2230
246,15
246,16
246,123
246,139
246,208
246,422
246,567
246,1042
246,1056
246,1536
246,1740
246,2235
246,2242
246,2246
247,1
247,8
247,14
247,16
247,567
247,979
247,2010
247,2254
248,1
248,8
248,10
248,23
248,46
248,49
248,141
248,212
248,213
248,354
248,1027
248,1141
248,1153
248,1278
248,1876
248,1879
248,1895
248,2257
248,2261
248,2262
248,2265
248,2267
248,2268
248,2269
248,2271
248,2277
248,2281
248,2282
248,2283
249,1
249,141
249,345
249,422
249,2286
249,2291
250,1
250,8
250,10
250,15
250,16
250,110
250,567
250,652
250,1278
250,1457
251,12
251,91
251,122
251,2302
252,1
252,5
252,8
252,10
252,14
252,16
252,123
252,364
252,411
252,561
252,567
252,979
252,1466
252,1472
252,1752
252,1758
252,1764
253,1
253,8
253,10
253,16
253,37
253,91
253,561
253,567
253,1085
253,2327
254,1
254,8
254,10
254,12
254,13
254,16
254,20
254,23
254,58
254,994
254,2337
254,2340
254,2342
257,58
257,123
257,1042
257,1056
257,1740
257,2347
257,2348
258,1
258,1875
259,1
259,12
259,83
259,392
259,456
259,2010
259,2257
259,2357
259,2358
259,2359
259,2360
259,2361
259,2363
259,2365
259,2367
260,15
260,22
260,354
260,396
260,401
260,422
260,1027
260,1085
260,1194
260,1457
260,2373
261,1
261,13
261,15
261,20
261,22
261,2381
261,2383
261,2386
261,2388
261,2390
262,8
263,1
263,122
263,123
263,1042
263,2392
264,1
264,8
264,14
264,23
266,1
267,1
267,5
267,8
267,12
267,14
267,16
267,567
267,2403
268,1
268,10
268,110
268,537
268,2410
268,2413
269,1
269,14
269,139
269,211
269,1113
269,2417
269,2420
269,2422
269,2424
270,1
270,14
270,104
270,1816
271,1
271,12
271,14
271,47
271,91
271,1112
271,1113
271,1115
271,1241
271,2080
271,2200
271,2430
271,2432
271,2433
271,2438
271,2439
271,2440
271,2443
272,60
272,110
273,1
273,123
273,398
273,2449
273,2450
273,2451
273,2455
273,2456
274,1
274,524
274,2457
274,2458
275,1
275,8
275,10
275,141
276,1
276,15
276,91
276,323
276,422
276,1027
276,1524
276,2116
278,1
278,36
278,91
278,367
278,486
278,524
278,1040
278,2291
278,2477
278,2480
279,1
279,10
279,20
279,47
279,2483
280,1
280,10
280,12
280,14
280,18
280,505
280,1494
280,1560
280,2489
280,2490
280,2491
280,2494
280,2496
280,2497
280,2498
280,2500
281,1
281,8
281,10
281,16
281,23
281,60
281,389
281,559
281,1593
281,2090
281,2504
281,2506
281,2507
281,2511
281,2513
282,123
282,1042
282,1056
282,1536
282,1740
282,2523
284,1
284,1472
284,1830
284,2420
284,2525
284,2526
284,2527
284,2528
284,2530
284,2531
284,2534
284,2535
285,1
285,36
285,2539
285,2540
286,1
286,8
286,12
286,16
286,29
286,44
286,401
286,445
286,561
286,567
286,1461
286,2090
287,12
287,100
288,1
288,8
288,14
288,371
288,1113
288,1758
288,2558
289,1
289,13
289,36
289,110
289,401
289,567
289,911
289,1715
289,2562
289,2563
289,2564
289,2566
289,2567
289,2569
289,2570
289,2571
289,2573
289,2575
289,2577
289,2578
289,2582
289,2583
289,2584
289,2585
289,2586
290,1
290,10
290,16
290,567
290,1423
290,1480
290,1679
291,1
291,12
291,13
291,18
291,22
291,36
291,38
291,91
291,129
291,323
291,398
291,2596
291,2597
291,2598
291,2601
291,2602
291,2608
292,1
292,15
292,16
292,29
292,123
292,561
292,567
292,1027
292,1042
292,1056
292,1085
292,1701
292,2021
292,2261
292,2618
292,2620
292,2626
293,12
293,398
294,123
294,2631
295,1
295,5
295,8
295,10
295,13
295,14
295,16
295,18
295,20
295,21
295,37
295,58
295,65
295,91
295,120
295,139
295,211
295,445
295,918
295,1113
295,1278
295,1558
295,2635
295,2644
295,2650
295,2653
297,1
297,392
297,2658
297,2659
298,2662
298,2663
298,2664
298,2665
299,1
299,8
299,10
299,14
299,16
299,22
299,23
299,510
299,537
299,2597
299,2666
299,2667
299,2670
299,2674
301,1
301,8
301,22
301,46
301,141
301,652
301,2680
301,2681
301,2684
302,1
302,14
302,1816
303,1
303,16
303,23
303,37
303,2119
305,1
305,8
305,12
305,22
305,37
305,51
305,91
305,2081
305,2697
305,2698
306,1
306,8
306,10
306,16
306,22
306,91
306,129
306,208
306,396
306,652
306,918
306,2709
307,2117
307,2719
309,1
309,12
309,22
309,323
309,392
309,398
309,2597
309,2721
309,2723
309,2728
309,2731
310,1
310,10
310,567
311,12
311,14
311,18
311,22
311,29
311,44
311,91
311,211
311,1027
311,1085
311,1253
311,1353
311,1423
311,2735
311,2740
311,2743
312,1
312,5
312,8
312,10
312,18
312,110
312,161
312,392
312,567
312,1679
312,1991
312,2753
312,2758
312,2759
312,2760
312,2761
312,2762
313,1
314,1
314,8
314,15
314,22
314,65
314,91
314,323
314,2090
314,2773
314,2777
315,1
315,5
315,8
315,10
315,14
315,16
315,22
315,123
315,364
315,411
315,561
315,567
315,1278
315,1461
315,1466
315,1471
315,1472
315,1752
315,1758
315,1764
315,1917
315,1930
315,1932
315,2796
315,2798
316,8
316,12
316,18
316,22
316,422
316,652
317,2810
318,10
318,12
318,14
318,16
318,29
318,44
318,192
318,208
318,1085
318,2815
319,1
319,8
319,12
319,16
319,29
319,44
319,401
319,445
319,561
319,567
319,1461
320,8
320,15
320,17
320,18
320,20
320,22
320,194
320,583
320,1715
320,2834
320,2837
320,2838
320,2840
321,1
321,8
321,10
321,16
321,1286
321,2847
321,2848
322,1
322,8
322,10
322,85
323,1
323,12
323,18
323,211
323,401
323,456
323,1531
323,1741
323,2005
323,2860
325,1
325,12
325,14
325,15
325,111
325,1113
325,1423
325,1536
325,1734
325,2868
325,2875
326,1
326,10
326,12
326,46
326,111
327,1
327,8
327,12
328,1
328,46
328,1232
328,1423
328,1479
328,2886
330,1
330,8
330,10
330,12
330,14
330,23
330,213
330,2894
331,1
331,10
331,13
331,15
331,16
331,22
331,29
331,38
331,47
331,76
331,79
331,91
331,139
331,156
331,567
331,1027
331,1107
331,1194
331,1704
331,2498
331,2906
331,2909
331,2917
331,2922
332,2923
332,2924
333,1
333,12
335,1
335,14
335,15
335,18
335,46
335,91
335,354
335,401
335,456
335,1027
335,1094
335,1113
335,1558
335,2097
335,2359
335,2927
335,2932
335,2935
335,2943
336,1
336,8
336,10
336,12
336,16
336,652
336,1830
336,1847
337,1
337,5
337,2954
337,2955
338,1
338,8
338,16
338,47
338,141
338,419
338,567
338,938
338,1025
338,1234
338,1248
338,1251
338,2090
338,2132
338,2773
338,2965
338,2966
338,2967
338,2970
338,2973
338,2978
339,12
339,15
339,18
339,91
339,911
339,1409
339,2005
339,2597
339,2982
339,2983
339,2989
340,1
340,10
340,16
340,567
340,2991
341,12
341,14
341,80
341,901
341,1112
341,1115
341,1235
341,1411
341,1413
341,1472
341,1536
341,1830
341,2440
341,2443
341,2998
341,3005
341,3009
342,1
342,12
342,14
342,91
342,111
342,1536
342,1620
342,1875
342,2080
342,3012
342,3020
343,1
343,5
343,8
343,12
343,14
343,15
343,16
343,22
343,141
343,567
343,1286
343,2403
343,3028
344,1
344,10
344,15
344,16
344,3038
344,3039
345,1
345,8
345,10
345,68
345,83
345,85
345,110
346,1
346,5
346,8
346,14
346,15
346,22
346,37
346,47
346,64
346,83
346,141
346,156
346,1824
346,3049
346,3050
346,3051
346,3053
346,3055
346,3067
347,1
347,8
347,12
347,14
347,59
347,91
347,141
347,1248
347,1423
347,1666
347,3068
347,3071
347,3072
347,3075
348,1
348,411
348,2432
349,1
349,3
349,12
349,109
349,110
349,112
349,122
349,125
349,345
349,411
349,1251
349,1409
349,1413
349,1423
349,1620
349,3085
349,3087
349,3088
349,3093
350,1
350,8
350,12
350,16
350,29
350,44
350,401
350,445
350,561
350,567
350,1461
350,2090
351,1
351,8
351,60
351,1473
351,3120
352,1
352,8
352,12
352,3122
354,1
354,14
355,12
355,1536
357,1
357,8
357,10
357,12
357,85
357,111
357,1113
359,1
359,8
359,12
359,111
360,1
360,8
360,10
360,14
360,3144
361,1
363,1
363,10
363,16
364,10
364,12
366,10
366,1112
366,1413
367,8
367,12
367,14
368,1
368,8
368,10
368,12
368,16
370,1
370,8
370,10
371,12
371,14
371,109
371,111
371,2932
372,1
372,8
372,12
372,1423
372,3172
373,1
373,10
373,12
373,14
373,16
373,3176
373,3180
373,3181
375,12
376,1
376,8
376,10
376,16
376,561
376,567
378,1
378,12
378,14
378,83
378,1423
378,1620
379,1
379,12
379,15
379,16
379,29
379,561
379,567
379,2021
379,2261
379,2626
379,3199
380,12
384,12
385,10
385,16
385,345
385,511
387,1
387,8
387,12
388,1
388,10
388,2758
388,3216
389,1
389,12
389,60
389,111
389,345
389,346
389,2083
389,3222
389,3224
389,3228
390,1
390,8
390,10
390,14
390,524
390,1413
391,1
391,14
391,18
391,91
391,140
391,141
391,901
391,1025
391,1038
391,1251
391,1830
391,3242
393,12
394,1
394,10
394,12
394,561
394,567
394,1413
395,1
395,10
395,65
395,68
395,362
395,367
395,510
395,511
395,537
395,1043
395,1351
395,1650
395,2348
395,3267
396,83
396,2120
397,1
397,12
398,12
399,1
399,12
399,1875
400,12
400,83
401,1
401,8
401,10
401,12
401,927
401,1413
401,3279
402,10
403,1
403,65
403,68
403,78
403,3288
404,1
404,8
404,10
404,14
404,16
404,567
404,3294
405,1
406,1
406,10
406,3301
407,14
407,2080
409,1
409,8
409,10
409,12
409,1413
410,1
410,10
410,16
410,37
410,2120
411,1
411,8
411,12
411,14
411,1278
411,1423
411,1620
411,2998
411,3316
411,3317
413,1
413,8
413,10
413,12
413,14
414,8
414,16
414,561
414,1875
415,5
415,8
415,10
415,14
415,3338
416,10
416,16
416,1412
417,12
417,14
417,927
417,1536
419,1
419,8
419,37
419,652
419,1875
419,2090
419,2363
419,3346
419,3347
419,3349
419,3350
419,3352
419,3354
419,3359
420,14
421,1
423,1
423,8
423,10
423,3316
424,18
424,41
424,91
424,211
424,323
424,911
424,1020
424,1248
424,1500
424,3366
424,3369
424,3370
424,3371
424,3372
424,3374
424,3380
425,1
425,5
427,1
427,5
427,15
427,22
427,139
427,1457
427,1461
427,1471
427,1917
427,1930
427,1932
428,1
428,1830
429,1
429,8
429,12
429,567
429,1113
431,12
431,1701
432,1
432,83
432,1875
434,1
437,1
437,8
437,3316
438,8
439,1
439,1232
441,1
441,10
441,14
443,1
443,10
443,16
443,1412
443,2457
444,1
444,8
444,37
444,65
444,123
444,1603
445,1
445,10
447,1620
448,1
449,1
449,8
450,12
452,1
452,65
452,2777
453,8
453,10
453,14
453,16
453,60
453,411
455,1
455,8
455,10
455,14
455,16
457,1
457,5
457,14
457,83
457,1650
459,12
460,1
460,5
460,8
460,1412
460,1423
461,1
461,12
461,345
461,1113
461,2120
461,3463
462,1
462,10
462,12
462,16
463,1
463,8
463,10
463,111
464,1
464,10
464,65
464,212
464,213
464,537
464,2758
464,3476
465,1
465,1620
465,1875
465,2120
466,1
466,10
466,16
467,12
467,14
467,345
467,3489
468,1
468,5
468,1875
469,1
469,8
470,1
470,10
471,1
471,10
471,12
471,70
471,213
472,8
472,10
472,68
472,511
472,1413
472,3505
473,1
473,8
473,10
473,12
473,14
473,16
473,65
473,1411
474,8
474,10
475,10
475,12
475,16
475,1620
475,3523
478,1
478,8
478,10
478,1666
481,1
481,16
481,567
482,1
482,1536
482,3534
483,1
483,8
483,10
483,14
483,16
483,1113
484,12
484,109
484,111
484,112
485,1
485,8
485,10
485,14
485,16
485,411
485,567
485,1413
485,1423
486,1
486,12
486,1423
488,567
488,2028
489,1
489,8
489,12
489,15
489,18
489,22
489,91
489,111
489,1027
489,1473
489,1850
489,3564
490,1
490,37
490,1816
491,8
491,12
492,12
493,10
493,12
493,109
493,111
493,2028
495,1
495,12
495,14
495,927
495,1620
496,12
496,14
496,111
498,12
498,111
500,8
501,1423
502,12
503,1
503,8
503,12
503,3316
504,1536
505,10
505,12
505,14
505,16
506,1
506,8
506,10
506,111
507,10
507,14
507,16
507,68
507,345
507,510
507,1423
507,1432
507,3617
508,8
508,14
509,1
509,8
509,14
509,65
509,927
509,1043
510,1
510,5
510,10
510,83
511,1
511,37
512,83
514,1
514,10
514,65
514,83
514,567
515,1
515,1423
517,1
518,1
518,8
519,1
519,8
519,10
521,1
522,1
522,8
522,12
522,14
522,567
523,1
524,1
524,60
524,83
524,123
524,400
524,1042
524,1056
524,1536
525,1
525,8
525,10
526,1
526,8
526,10
526,14
526,16
526,58
526,524
526,994
526,2458
526,3664
526,3665
526,3667
526,3668
527,12
527,1620
528,1
528,10
528,12
528,16
529,1
529,12
529,411
530,8
530,10
530,68
530,510
530,1411
530,1412
530,1413
530,3687
530,3691
531,8
531,12
531,3697
532,1
532,8
532,2010
532,3701
533,14
533,1620
534,1
534,12
534,1875
534,3704
535,1
535,8
536,12
537,1
537,12
537,14
537,111
538,1
538,8
538,10
538,65
538,68
538,83
538,510
538,1043
538,1113
538,1620
538,1875
538,2777
538,3216
538,3716
539,1
539,12
539,561
539,567
540,1
540,12
540,111
542,12
542,14
544,1
544,10
544,1043
544,3739
545,10
545,16
545,561
546,1
546,12
547,1
547,10
547,15
547,16
547,22
547,48
547,91
547,120
547,422
547,1027
547,1930
547,3752
548,1
548,10
548,14
548,83
548,1423
549,1
549,8
549,15
549,18
549,2834
550,1
551,1
551,12
551,567
551,899
551,1830
551,3463
552,12
552,68
552,411
552,1703
552,3489
553,8
553,12
553,14
553,16
554,1
554,8
554,12
554,111
554,411
554,567
555,1
556,1
556,10
556,12
556,16
556,567
557,1
557,12
557,524
557,2777
558,123
558,398
558,2834
559,1
559,10
559,12
559,14
559,16
559,91
561,12
562,1
562,10
562,16
562,2777
563,12
563,109
563,112
564,1
564,10
565,1
565,12
565,37
566,1
566,37
567,8
567,10
567,12
567,14
567,213
567,1875
567,2932
568,14
569,1
569,8
569,10
569,16
569,65
570,1
570,8
570,10
570,14
571,1
571,10
571,1480
571,2029
571,2758
571,3316
571,3338
571,3844
571,3846
572,1
572,12
572,14
572,2777
573,10
573,362
573,1001
573,3855
575,1
575,12
578,8
578,10
579,1
579,12
580,1
580,8
580,14
580,16
580,561
581,12
581,109
581,111
581,1536
583,8
583,12
584,12
584,109
584,1536
585,8
585,12
585,411
586,1
586,8
586,10
586,16
587,1
587,10
587,16
589,1
589,14
589,927
589,2167
590,1
590,10
590,83
591,1
591,14
591,37
591,1043
591,2777
591,3716
592,8
592,12
593,1
593,10
593,16
593,111
593,2028
594,1
594,5
594,8
594,10
594,16
594,37
595,1
595,8
595,10
595,12
595,14
596,1
596,8
596,14
596,899
596,1113
596,1816
596,1830
599,1
599,12
599,14
600,8
600,12
601,110
601,487
602,8
603,1
603,8
603,123
603,400
603,567
603,1042
603,1056
603,1536
603,1620
603,2978
604,1
604,8
605,12
605,14
606,12
607,1
607,60
607,567
608,1816
609,1
610,1
610,5
610,346
612,1
612,10
612,213
612,982
613,1
613,10
613,12
613,14
613,111
613,1816
613,2348
613,3704
613,3968
614,1
614,8
614,10
615,1
616,1
616,10
616,1043
618,12
620,1
620,10
620,12
621,1
621,5
621,8
621,12
621,14
621,83
621,109
621,111
621,112
622,12
622,37
623,1
623,10
623,12
623,16
623,68
623,109
623,111
623,567
623,1112
623,1412
623,3999
624,12
625,1
625,12
625,58
625,61
625,80
625,445
625,524
625,652
625,1413
625,1472
625,1764
625,3665
625,3667
626,12
626,14
627,12
627,122
627,4020
627,4021
629,1
629,12
630,1
630,14
631,1
632,12
633,1
633,12
634,1
634,10
634,14
634,16
634,46
634,123
634,510
634,1043
634,1479
634,2120
634,4037
634,4043
635,12
635,16
636,1
636,8
636,10
636,16
636,37
637,1
637,12
637,345
637,411
637,3463
639,1
639,8
639,60
641,1
641,66
641,91
641,141
641,1423
641,1479
641,1560
641,1724
641,2837
641,4060
641,4062
641,4063
641,4071
642,1
642,10
642,68
642,123
643,1
643,10
643,16
643,60
643,362
643,2017
643,3267
643,3288
644,10
644,16
644,65
644,83
644,212
644,4086
645,12
646,1
646,8
646,10
646,12
646,16
646,561
646,567
647,1
647,8
647,12
647,14
647,1830
647,2777
648,1830
649,12
649,109
649,111
650,1
650,10
650,12
651,1
651,12
651,14
651,83
651,927
651,1113
651,1232
651,1830
653,1
653,10
653,12
653,111
653,1816
654,1
654,8
654,12
654,1113
654,1423
654,3316
655,10
655,12
657,10
657,14
657,16
658,8
658,12
658,14
659,4138
661,1
661,8
661,10
661,1001
661,2965
662,1
662,37
663,1
663,8
663,12
663,982
663,2120
665,1
665,8
665,12
665,111
665,2348
666,8
666,10
666,12
666,14
666,16
666,561
667,1
667,5
667,8
667,10
667,346
667,367
668,8
669,14
670,8
670,123
670,567
670,3316
671,1
671,10
671,14
671,15
671,16
671,18
671,22
671,29
671,36
671,48
671,59
671,91
671,120
671,482
671,911
671,1027
671,1531
671,1930
671,2735
671,4175
671,4177
671,4178
671,4180
671,4181
671,4183
671,4184
671,4185
671,4190
671,4195
671,4197
672,1
673,1
673,8
673,14
673,65
673,1816
674,1
674,8
674,10
674,16
674,85
674,3844
675,1
675,5
675,14
676,1
676,8
676,10
676,14
676,16
676,37
676,510
676,537
676,1043
676,2777
677,1
678,8
679,12
679,14
680,1
680,2
680,14
680,22
680,91
680,211
680,911
680,2117
680,2420
681,1
681,5
681,10
681,65
681,83
681,537
681,1043
681,1045
681,4086
682,12
683,1
683,8
683,10
683,60
683,1650
684,1
684,10
684,65
684,213
684,367
685,10
685,16
685,567
686,1
686,8
686,10
686,12
686,16
686,362
686,567
686,1620
686,3523
687,10
687,12
687,14
687,109
687,111
687,411
687,567
688,8
688,12
689,1
689,8
689,47
689,65
690,1
690,8
690,14
690,65
690,83
690,1290
690,1764
690,1875
690,2136
690,2777
690,2847
690,4287
690,4289
690,4290
690,4298
690,4302
691,1
691,8
691,12
691,37
691,982
691,3505
692,12
692,14
692,1816
693,12
693,14
693,111
694,10
694,2758
695,1
695,8
695,14
696,1
696,10
696,12
696,16
696,78
697,12
698,1
698,8
698,10
698,65
698,68
698,1113
698,1412
699,1
699,14
699,18
699,91
699,1536
699,1869
699,2875
699,4335
699,4336
699,4338
699,4339
700,1
700,16
700,1423
700,4346
700,4347
700,4349
701,1
701,10
701,12
701,14
701,16
701,411
701,561
701,567
702,1
702,10
702,16
702,48
702,91
702,123
702,1850
702,3752
702,4178
702,4185
702,4195
702,4365
702,4369
702,4371
702,4372
702,4373
703,1
703,10
703,29
703,120
703,537
703,4378
703,4380
704,1
704,14
704,83
705,12
706,1
706,16
707,1
707,5
707,14
708,12
708,14
710,1
710,8
710,10
710,12
710,14
710,111
711,1
711,10
711,83
711,85
711,1113
712,12
712,3697
712,4403
713,1
713,12
714,1
714,10
714,12
714,16
715,8
715,10
715,12
715,213
715,411
715,2777
716,1
716,60
716,141
716,981
716,1679
716,1830
716,2083
716,3463
716,4425
716,4427
718,14
718,927
719,12
720,1
721,1536
721,1701
722,10
722,12
722,16
722,109
722,111
722,411
723,1
723,10
723,68
723,411
723,1043
724,10
724,12
724,14
724,411
725,8
725,10
725,12
725,16
726,1
726,12
727,10
727,16
727,1701
728,1
728,12
729,12
730,1
730,8
730,10
730,65
730,78
730,367
730,4464
732,1423
732,1620
733,8
733,319
733,4471
734,1
734,12
734,411
734,2120
736,1
737,12
738,1
738,12
738,14
738,345
738,1113
738,4482
739,55
739,4486
740,1
740,8
740,14
740,899
740,1816
740,1830
742,1
742,8
742,37
742,401
742,1053
742,1875
742,3180
743,12
744,1
744,10
744,16
744,346
744,561
744,567
744,2017
746,1
746,10
746,12
746,14
746,111
747,14
747,524
749,12
749,14
750,1
750,10
750,16
750,2120
751,1
751,8
751,10
751,12
752,10
752,16
753,1
753,10
753,12
753,14
753,345
753,1113
754,12
755,1
755,5
755,12
755,65
755,362
755,1423
755,1473
756,1
756,10
756,16
756,567
756,2028
757,12
758,10
758,65
758,83
758,2777
759,1
759,2120
759,3855
760,10
760,12
760,14
761,1
761,10
761,16
761,123
761,511
761,1042
761,1056
761,1413
761,1701
761,2028
761,4564
762,1
762,8
762,1113
762,1620
763,8
763,10
763,12
763,14
763,16
763,65
763,411
763,567
764,1
764,12
764,111
764,567
765,1
765,8
765,10
765,14
765,65
765,212
765,213
765,346
765,362
765,567
765,1043
765,1351
766,1
766,10
766,2758
766,4598
767,1
767,10
767,12
768,14
768,83
768,537
770,10
770,14
770,65
770,83
772,1
773,1
773,10
773,12
773,16
773,510
774,1
774,5
774,8
774,10
774,14
774,83
774,899
774,1113
775,1
775,8
775,10
775,12
775,16
775,111
775,567
776,12
776,14
778,16
778,561
778,567
778,2167
779,1
779,8
779,83
779,2120
780,10
780,12
780,16
780,1875
781,1
781,12
781,411
782,10
782,12
782,14
782,16
782,109
782,111
782,112
782,2740
782,3316
782,4650
782,4651
782,4656
782,4658
783,12
783,1620
783,4661
784,1
786,1
786,5
786,8
786,14
786,37
786,65
786,1650
786,3338
786,3716
787,1
787,36
787,74
787,85
787,141
787,396
787,456
787,919
787,1025
787,1248
787,1500
787,4674
787,4680
787,4681
787,4684
788,1
788,362
788,1351
790,1
790,8
790,10
790,14
790,16
790,65
790,83
790,3844
790,4698
790,4700
791,10
791,16
792,1
792,2
792,10
792,12
792,15
792,20
792,22
792,29
792,50
792,345
792,398
792,400
792,560
792,1056
792,1423
792,1734
792,2348
792,2965
792,4710
792,4717
793,1
793,567
794,12
794,4727
796,1
796,8
796,10
796,60
796,524
796,1650
796,3267
797,1
798,10
798,16
798,22
798,1027
800,12
802,1
802,10
802,12
802,16
802,68
802,567
802,2120
803,10
804,1
804,12
804,982
804,3968
805,8
805,12
805,14
805,111
805,1620
806,1
806,10
807,1
807,10
807,12
807,14
808,1
808,8
808,10
808,16
808,346
808,1423
809,1
811,1
811,12
812,1
812,18
812,22
812,44
812,91
812,567
812,1027
812,2719
813,1
813,8
813,10
813,486
813,1650
813,3844
815,1
815,8
815,10
815,12
815,14
815,111
815,1620
817,10
817,14
817,83
817,1112
819,1
819,8
819,10
819,12
819,16
819,37
819,524
819,567
819,982
819,1412
819,1413
819,3216
819,4403
820,118
821,1
823,1
823,22
823,982
824,12
825,12
826,5
826,83
827,8
827,12
828,1
828,10
828,14
828,16
829,8
829,12
830,1
830,10
830,12
830,14
830,411
831,1
831,8
831,10
831,537
831,4834
833,1
833,8
833,362
833,1480
835,12
835,14
835,1620
836,12
836,111
837,8
837,10
837,12
837,14
837,2120
838,1
838,12
838,567
838,1423
841,1
841,10
841,12
841,14
841,15
841,16
841,48
841,91
841,1027
841,1930
842,1
842,10
842,12
842,16
843,2090
843,4871
845,1
845,982
845,2659
846,1
846,5
846,8
846,10
846,16
846,1423
847,1
847,10
847,12
847,411
847,561
847,567
847,2978
849,1620
850,12
850,111
851,1
851,8
851,10
851,16
851,65
851,83
851,510
851,2777
853,8
853,524
853,2777
854,1
854,10
854,2120
855,1
855,10
855,15
855,16
855,48
855,91
855,354
855,1027
855,1930
855,2965
856,1
856,8
857,1
857,8
857,10
857,1620
858,2777
859,1
859,10
859,60
859,83
860,1
861,12
862,4727
864,10
864,60
864,2083
864,4931
865,567
866,1
866,1713
866,1724
866,2417
866,2762
866,4934
866,4935
866,4936
866,4942
866,4943
868,1
868,8
868,10
868,14
868,1816
869,1
869,10
869,16
869,37
869,2777
871,1620
872,10
872,12
872,4955
873,1
873,12
873,567
874,12
874,109
874,1536
875,1
875,8
875,567
875,1423
875,3697
876,8
876,12
877,59
877,419
877,2060
877,2539
877,2773
877,4972
877,4973
877,4974
877,4975
877,4976
877,4978
877,4979
877,4981
877,4983
878,1
878,8
878,16
878,561
878,1112
878,1113
878,1423
878,2443
878,3489
878,4990
879,10
879,16
880,1
880,12
881,1
881,8
881,14
882,1
882,8
882,10
882,12
882,213
883,1
883,8
883,12
883,14
883,899
883,1473
883,2120
883,3316
884,1
884,8
885,8
885,12
886,12
886,109
886,111
887,1
887,10
887,16
888,29
888,2735
889,1
889,8
889,10
889,14
889,16
889,37
889,78
889,510
889,1473
889,2120
891,1
891,10
891,12
891,14
891,16
892,1
892,8
892,3463
893,1
893,8
893,10
893,16
893,65
893,83
893,537
893,1413
893,1650
893,3697
893,5049
894,1
894,60
894,5058
895,1
895,8
895,10
895,16
895,37
896,1
896,8
896,10
896,85
897,1
897,8
897,10
897,16
897,567
898,16
898,561
898,567
899,1
899,8
899,2120
900,13
900,20
900,44
900,401
900,422
900,918
900,1558
900,2597
900,5085
900,5087
900,5089
901,12
901,14
901,5091
902,12
902,111
902,2978
902,3704
903,1
903,8
903,10
903,16
903,78
903,111
903,362
903,401
903,559
903,1875
903,2116
903,3476
903,5049
903,5100
903,5101
903,5103
903,5107
903,5108
903,5113
903,5116
904,1
904,12
904,14
904,83
904,1113
904,1232
905,1
905,12
905,5124
906,1
906,123
906,1042
906,1056
906,1734
906,1740
906,2120
906,4710
907,12
907,111
908,1
908,10
908,14
908,85
908,2120
909,10
909,1413
910,1
910,567
911,1
911,10
911,12
911,14
911,16
911,345
911,411
911,927
911,1113
911,1480
911,4955
913,1
913,10
913,12
913,14
913,68
913,899
913,927
913,1112
913,1620
914,12
914,109
914,112
914,1620
915,1
915,5
915,1113
915,1423
915,1536
915,1620
916,12
917,1536
917,2028
918,1
918,10
918,14
918,346
918,524
918,2777
920,1
920,12
920,60
920,2083
922,1
922,12
922,411
922,652
922,5188
922,5189
923,1620
924,8
924,12
924,14
924,16
924,561
924,567
925,1
925,8
925,10
925,12
925,16
925,567
926,1
926,2
926,10
926,15
926,60
926,2002
926,2127
926,2420
926,5207
926,5209
926,5210
926,5212
926,5214
926,5215
926,5220
926,5222
927,1
927,18
927,22
927,36
927,47
927,91
927,120
927,123
927,141
927,424
927,899
927,1251
927,1305
927,1830
927,1905
928,5
928,65
928,1758
928,2760
929,1
929,8
929,10
929,12
929,16
929,1043
930,1
930,10
930,233
930,5248
930,5250
932,1
932,14
932,1113
932,1232
932,2120
933,8
933,3968
934,8
934,14
935,12
935,16
936,12
936,14
936,5266
937,12
939,1
939,8
939,12
939,14
939,16
939,109
939,112
939,899
939,1113
939,2028
939,3463
942,1
942,10
942,12
942,16
942,37
942,109
942,111
942,1411
942,1412
942,1413
943,1
943,10
943,12
943,14
943,212
943,213
943,4086
944,1
944,8
944,60
944,1423
944,1473
944,3120
945,1
945,12
945,109
945,112
946,1
946,5
946,8
946,10
946,16
946,83
946,213
946,367
946,524
946,537
946,927
946,2120
947,1620
948,12
949,12
950,1
951,1
951,8
951,10
952,8
952,12
952,14
952,411
953,3968
953,5329
953,5330
953,5331
954,1
954,8
954,10
954,12
954,14
954,16
954,37
954,83
954,927
957,12
959,1
959,10
959,12
959,16
961,1
961,85
961,537
961,927
961,1620
962,1
962,10
962,567
963,1
963,10
963,14
963,16
963,927
964,1
964,8
964,10
964,65
964,83
964,2457
965,12
967,1
967,14
967,83
967,1113
968,2932
969,12
969,111
970,1
971,1
971,8
973,12
973,109
973,111
973,3704
974,1
974,8
974,10
974,78
974,362
974,1650
974,2758
975,1
975,46
975,91
975,118
975,323
975,456
975,560
975,847
975,1027
975,1413
975,1472
975,1558
975,1741
975,1963
975,1971
975,2097
975,5388
975,5391
976,1
976,12
977,1
977,8
977,10
977,12
977,37
977,411
977,982
977,1413
978,1
978,5
978,8
978,12
978,524
978,3704
979,1
979,8
979,12
979,14
980,1
980,8
980,12
980,561
980,567
980,1413
981,1
981,233
981,345
981,1113
981,1830
981,5432
981,5434
981,5436
981,5438
981,5441
981,5442
981,5443
982,1
982,8
982,10
982,12
982,16
982,37
982,982
982,5124
983,1
983,10
983,16
984,1
984,8
984,10
984,12
984,14
984,1043
986,1
986,10
986,12
986,1432
986,1703
986,2120
988,1
988,12
988,1620
990,1
990,8
990,10
990,12
990,16
990,37
990,362
990,537
990,3844
991,567
992,1
992,5
992,65
993,1
993,8
993,12
993,411
993,1875
995,12
995,109
995,111
995,567
995,3463
996,1
996,8
996,10
996,14
996,1045
997,14
999,1
999,14
999,899
1001,8
1002,14
1002,567
1003,1
1003,5
1003,1830
1004,1
1004,8
1004,10
1004,12
1004,14
1004,16
1004,47
1004,91
1004,323
1004,5508
1008,1
1008,12
1008,109
1008,111
1008,112
1008,561
1008,567
1008,1413
1009,1
1009,8
1009,10
1009,12
1010,1
1010,5
1010,10
1011,1
1011,8
1011,14
1011,16
1011,65
1011,367
1011,561
1011,567
1011,1620
1013,1
1013,8
1014,1
1014,8
1014,1536
1017,12
1018,12
1019,1
1019,8
1019,10
1019,14
1019,16
1019,1620
1020,12
1021,1
1021,5
1021,8
1021,10
1021,13
1021,16
1021,18
1021,22
1021,36
1021,37
1021,47
1021,65
1021,91
1021,120
1021,141
1021,445
1021,486
1021,1029
1021,1650
1021,1782
1021,2095
1021,5566
1021,5573
1022,8
1023,1
1023,8
1023,10
1023,14
1023,16
1023,2777
1024,1
1024,12
1024,1816
1025,1
1025,10
1025,12
1025,14
1026,1
1026,8
1026,14
1027,1
1027,8
1027,14
1027,65
1027,362
1027,899
1027,1830
1027,3288
1028,561
1028,567
1029,1
1029,8
1029,10
1029,16
1029,1816
1030,8
1030,12
1030,982
1030,1620
1031,123
1031,982
1032,83
1032,362
1032,537
1032,2017
1032,2210
1032,2348
1032,3267
1032,4727
1032,5617
1032,5619
1033,1
1033,8
1033,10
1033,12
1033,14
1033,1113
1033,1830
1034,1
1035,10
1035,12
1035,14
1036,1
1036,10
1036,1816
1037,1
1037,12
1037,1703
1037,5124
1038,1
1038,16
1038,567
1038,2028
1039,1620
1040,10
1040,12
1040,16
1040,567
1041,1
1041,8
1041,12
1041,14
1041,1875
1042,8
1042,1875
1043,65
1045,1620
1046,1
1046,10
1046,567
1048,3968
1049,1
1049,8
1049,10
1049,411
1051,1
1051,8
1051,10
1051,16
1051,1816
1052,8
1052,10
1052,12
1052,14
1054,12
1054,14
1055,1
1055,8
1055,14
1055,899
1055,1113
1055,1423
1055,1473
1055,1480
1055,1620
1055,1830
1055,3316
1056,1
1056,12
1056,1112
1056,1113
1056,3523
1058,8
1058,10
1058,16
1058,567
1059,1
1059,8
1059,10
1059,12
1059,16
1059,68
1059,537
1059,1473
1059,1830
1059,1875
1060,1
1060,8
1060,14
1061,1
1061,10
1061,14
1061,16
1062,1
1062,12
1062,111
1063,1
1063,12
1064,8
1064,4598
1065,1
1065,10
1065,16
1065,60
1065,411
1065,1112
1065,1413
1065,1703
1065,2083
1065,2758
1065,5736
1066,12
1066,16
1066,109
1066,111
1066,561
1066,567
1066,1620
1067,1
1067,10
1067,16
1067,567
1067,5746
1069,1
1069,8
1069,14
1069,65
1069,1423
1069,1620
1069,1816
1069,5617
1070,12
1070,14
1070,411
1072,1
1072,8
1072,10
1072,12
1072,1875
1075,12
1075,1620
1075,1875
1077,10
1077,12
1077,14
1078,5
1078,8
1078,10
1078,12
1078,16
1078,37
1078,85
1078,411
1078,486
1078,567
1078,982
1078,1603
1078,5772
1079,1
1079,8
1079,10
1079,12
1079,14
1079,16
1079,37
1079,60
1079,65
1079,83
1079,212
1079,213
1079,362
1079,524
1079,537
1079,561
1079,567
1079,982
1079,1113
1079,1701
1079,2181
1079,2267
1079,3844
1079,4086
1079,5793
1079,5800
1079,5808
1079,5811
1080,1
1080,8
1080,10
1080,16
1080,123
1080,561
1080,567
1080,899
1080,1042
1080,1056
1080,1423
1080,1740
1081,1
1081,8
1081,10
1081,14
1081,65
1081,213
1081,1113
1084,10
1084,16
1084,212
1084,213
1084,2181
1084,2262
1088,10
1089,1
1089,8
1089,10
1089,65
1090,1
1090,10
1090,16
1091,1
1091,10
1091,12
1091,70
1091,213
1092,1
1092,8
1093,1
1093,8
1093,10
1093,12
1093,16
1093,83
1093,345
1093,411
1093,524
1093,567
1093,1113
1093,1232
1093,1423
1093,1620
1093,1830
1094,1
1094,12
1094,111
1094,1620
1095,12
1096,1
1096,8
1096,10
1096,60
1096,976
1096,977
1096,5872
1096,5877
1097,1
1097,8
1097,10
1097,16
1097,37
1097,362
1098,1
1098,10
1098,16
1099,12
1099,65
1099,83
1100,8
1100,10
1100,12
1101,1
1101,8
1101,12
1101,1875
1101,2120
1102,1
1102,567
1102,1113
1102,1423
1102,1480
1103,12
1103,14
1104,1
1104,12
1104,411
1104,652
1104,5188
1104,5908
1105,1
1105,10
1105,16
1105,91
1105,410
1105,911
1105,1372
1105,1620
1105,1875
1105,5913
1105,5915
1105,5917
1105,5918
1105,5921
1105,5923
1105,5927
1105,5928
1105,5930
1106,1
1106,16
1107,8
1107,10
1107,16
1107,567
1109,110
1109,1536
1109,5937
1109,5938
1109,5939
1109,5940
1109,5943
1109,5944
1109,5945
1109,5946
1110,1
1110,8
1110,12
1110,14
1114,1
1114,8
1114,37
1115,1
1115,8
1115,10
1115,12
1117,18
1117,982
1118,1
1118,5
1118,12
1118,14
1118,65
1118,83
1118,927
1118,1830
1118,3523
1118,4598
1120,1
1120,8
1120,10
1120,12
1120,83
1120,567
1121,12
1121,411
1124,12
1124,14
1127,1
1127,10
1127,16
1127,68
1127,212
1127,213
1127,1701
1127,2267
1128,1
1128,5
1128,8
1128,1423
1130,1
1130,10
1130,16
1131,1
1131,12
1131,111
1132,1
1132,8
1132,10
1132,12
1132,16
1132,411
1132,1620
1133,8
1133,2028
1135,1
1135,12
1135,567
1137,1
1137,12
1137,14
1138,1
1138,411
1138,1875
1141,3216
1142,10
1142,16
1142,123
1142,1042
1142,1056
1144,1
1144,8
1144,10
1145,8
1145,10
1145,65
1145,78
1145,367
1145,1816
1146,1
1146,10
1146,16
1148,6034
1148,6035
1148,6036
1149,1
1149,10
1149,22
1150,1
1150,10
1150,14
1151,1
1151,8
1151,10
1151,12
1151,16
1152,1
1152,8
1152,10
1152,1413
1153,1411
1153,1412
1153,6054
1154,1
1154,8
1154,10
1154,14
1154,16
1154,123
1154,561
1154,567
1154,899
1154,1042
1154,1056
1154,1423
1154,1740
1155,1
1155,10
1155,16
1156,1
1156,8
1156,10
1156,14
1156,16
1158,12
1158,561
1159,1
1159,10
1159,12
1160,1
1160,12
1162,1
1162,8
1162,367
1162,6084
1163,1
1163,6087
1164,1
1164,111
1165,10
1165,12
1165,14
1165,16
1165,111
1165,927
1167,1
1167,10
1167,65
1167,213
1167,367
1167,524
1167,3338
1168,1
1168,68
1168,511
1170,1
1170,8
1170,10
1170,12
1170,14
1171,1
1171,5
1171,8
1171,10
1171,14
1172,1
1172,8
1172,12
1173,1
1173,10
1173,14
1173,83
1173,85
1173,1620
1174,1
1175,1
1176,8
1176,10
1176,567
1176,1423
1178,1
1178,65
1178,1113
1179,1
1179,8
1179,10
1179,16
1179,567
1180,1
1180,5
1180,8
1180,10
1180,2777
1181,1
1181,10
1181,83
1182,1
1182,10
1182,16
1182,65
1182,83
1182,2777
1185,10
1186,1
1186,12
1186,5091
1187,1
1187,8
1187,44
1187,123
1187,231
1187,567
1187,652
1187,1042
1187,1056
1187,6159
1187,6167
1188,1
1188,10
1188,12
1188,16
1188,561
1188,567
1188,1701
1190,12
1190,14
1190,109
1190,111
1190,112
1190,1423
1190,1620
1191,12
1193,8
1193,10
1193,14
1193,16
1193,37
1193,561
1194,12
1194,14
1194,899
1195,1
1195,10
1195,524
1195,2120
1195,3338
1196,1
1196,16
1196,46
1196,123
1196,398
1196,567
1196,1042
1196,1056
1196,1473
1196,1479
1196,1531
1196,2021
1196,6202
1197,1
1197,10
1197,12
1198,1
1198,14
1198,85
1198,1423
1198,2120
1199,12
1200,1
1200,14
1200,899
1202,1
1203,1
1203,2120
1204,1
1204,12
1204,83
1205,1423
1205,1473
1206,12
1206,109
1206,111
1210,1
1210,16
1210,37
1210,524
1211,1
1211,14
1211,1650
1211,2029
1211,2033
1211,2040
1211,2777
1211,3716
1212,1
1212,10
1212,12
1212,16
1213,1
1213,8
1213,12
1213,37
1213,362
1216,12
1216,14
1216,411
1218,1
1218,8
1218,65
1218,367
1219,1
1219,12
1219,16
1219,411
1220,1
1220,8
1220,10
1220,37
1220,213
1221,1
1221,14
1222,1
1222,8
1222,10
1222,16
1222,567
1223,1
1223,5
1223,8
1223,14
1223,1423
1223,1816
1224,1
1224,12
1224,561
1224,1113
1224,1620
1225,1
1225,12
1225,14
1225,1113
1225,1620
1226,1
1226,8
1226,10
1226,14
1226,16
1226,1043
1226,1112
1226,1413
1227,1
1227,5
1227,8
1227,14
1227,1423
1228,1
1228,10
1228,65
1228,537
1229,8
1229,14
1229,123
1229,1042
1229,1056
1229,1423
1229,1816
1230,12
1231,1
1231,8
1231,12
1232,12
1232,1620
1232,3463
1233,1
1233,12
1234,1
1234,8
1234,14
1234,1113
1234,1536
1234,1830
1235,8
1235,4564
1237,1
1237,8
1237,10
1237,16
1237,567
1238,12
1238,112
1238,4727
1239,12
1239,561
1239,1816
1241,1
1241,8
1241,10
1241,16
1241,1411
1241,1412
1241,1413
1242,8
1242,1423
1242,2777
1243,1
1243,8
1243,10
1243,16
1245,1
1245,12
1245,398
1245,411
1246,12
1246,411
1246,1536
1247,12
1249,1
1249,8
1249,14
1249,16
1249,561
1249,567
1251,10
1251,537
1251,1413
1252,1
1252,8
1252,12
1252,37
1252,141
1252,1910
1252,2090
1252,6377
1252,6380
1254,8
1254,10
1254,16
1255,1
1255,8
1256,1
1256,8
1256,10
1256,12
1256,16
1257,1
1257,1113
1257,1423
1257,1816
1258,10
1258,1112
1259,1
1259,10
1259,65
1261,1
1261,68
1261,345
1261,2028
1262,1
1262,5
1262,10
1262,65
1262,83
1262,85
1262,1113
1262,1423
1262,1480
1262,1650
1262,2120
1263,1
1264,1
1264,60
1264,1473
1264,1620
1266,1
1266,8
1266,10
1266,1650
1267,1
1267,8
1267,12
1267,561
1267,567
1267,1413
1267,1423
1267,3316
1268,1
1268,8
1268,10
1268,12
1268,14
1268,5124
1269,8
1269,12
1269,60
1269,1536
1269,2083
1270,1
1270,8
1270,10
1270,16
1270,65
1270,78
1270,85
1270,1603
1270,3855
1271,1
1271,10
1271,12
1272,8
1272,14
1272,1536
1272,3534
1272,6463
1273,1
1273,5
1273,8
1274,1
1276,1
1276,14
1276,927
1276,1113
1277,1
1277,12
1277,60
1277,109
1277,111
1277,345
1277,561
1277,567
1277,1113
1277,1413
1278,1
1278,10
1278,65
1278,213
1278,1043
1279,1
1279,5
1279,60
1279,65
1279,1830
1279,2758
1279,5736
1280,1
1281,1
1281,12
1281,14
1282,12
1283,1
1283,12
1284,1620
1285,1
1285,12
1287,1
1287,10
1287,78
1287,83
1288,1
1288,8
1288,10
1288,12
1288,14
1288,411
1288,567
1288,1423
1289,8
1290,12
1291,8
1291,83
1291,1875
1292,12
1294,1
1294,8
1294,10
1294,14
1294,16
1295,1
1295,8
1295,10
1295,14
1295,16
1296,1
1296,10
1296,567
1297,12
1299,1
1299,8
1299,12
1299,14
1300,1
1300,10
1301,12
1301,109
1301,111
1302,1
1302,14
1302,1113
1303,1
1303,12
1304,1
1305,12
1305,345
1306,1
1306,111
1306,1043
1306,1816
1308,1
1308,8
1308,16
1308,561
1308,567
1310,10
1310,16
1310,123
1310,1042
1310,1056
1310,1740
1310,2758
1311,1
1311,1113
1311,1423
1311,4727
1312,1
1312,83
1312,85
1312,1113
1312,3716
1314,1
1314,60
1314,2083
1315,1
1315,567
1315,3316
1316,12
1316,109
1316,111
1317,1
1317,8
1318,10
1318,12
1318,16
1320,1
1320,5
1320,8
1321,1
1321,10
1321,37
1321,537
1321,1650
1321,2758
1322,1
1322,8
1322,10
1322,12
1322,14
1322,16
1322,68
1322,511
1322,561
1323,1
1323,12
1323,345
1323,899
1323,1113
1324,1
1325,12
1330,1
1330,10
1330,85
1330,212
1330,213
1330,537
1331,1
1331,5
1331,8
1331,10
1331,14
1331,16
1331,37
1331,60
1331,567
1331,1650
1331,1875
1331,2083
1331,2758
1331,6624
1332,1
1332,8
1332,10
1332,12
1332,37
1333,14
1334,1
1334,8
1334,10
1334,14
1334,16
1334,561
1334,567
1334,1734
1334,2120
1336,1
1336,8
1336,567
1336,1423
1338,1
1338,10
1338,12
1338,14
1338,111
1339,1
1339,1001
1340,1
1340,8
1341,1
1341,12
1341,14
1341,111
1342,1
1342,8
1342,10
1342,14
1342,899
1342,927
1342,1830
1343,1
1343,14
1343,927
1345,1
1345,8
1345,10
1345,12
1345,14
1345,111
1346,1
1346,8
1346,12
1347,1
1347,10
1347,1413
1348,1
1348,8
1348,10
1348,65
1348,1043
1348,4955
1349,1
1349,5
1349,10
1349,65
1349,68
1349,69
1349,78
1349,1043
1350,1
1350,10
1350,14
1350,70
1352,1
1352,212
1352,213
1352,3476
1352,4086
1352,5800
1353,1
1353,8
1353,12
1353,85
1354,1
1354,12
1355,10
1355,12
1355,927
1357,1
1357,10
1357,37
1357,524
1357,2777
1358,1
1358,10
1358,12
1359,1
1359,8
1359,10
1359,14
1359,1423
1360,1
1360,8
1360,10
1360,37
1360,212
1360,213
1360,2758
1361,1
1361,899
1361,1113
1362,1
1362,8
1362,14
1362,1423
1362,3463
1364,1
1364,8
1364,524
1365,1
1365,37
1365,346
1365,524
1366,12
1366,16
1367,83
1368,1
1368,5
1368,10
1368,537
1368,567
1368,1043
1369,10
1369,12
1369,411
1370,12
1372,1
1372,8
1372,12
1372,362
1372,1423
1374,1
1374,8
1374,10
1374,12
1374,14
1374,16
1374,213
1374,1413
1375,1
1375,5
1375,8
1375,10
1375,1423
1376,1
1376,12
1376,14
1377,12
1378,12
1378,109
1378,111
1378,2120
1379,12
1380,1
1380,8
1380,10
1380,14
1380,16
1380,60
1380,567
1380,1603
1380,1875
1380,2083
1380,3301
1380,3338
1381,10
1381,2181
1381,4482
1383,1
1383,14
1385,1
1385,10
1385,14
1385,1113
1385,3144
1387,1
1387,5
1387,8
1388,1
1388,8
1388,10
1388,16
1388,65
1390,12
1392,8
1392,14
1392,1875
1393,1
1393,8
1393,12
1393,65
1393,367
1393,1113
1393,5124
1395,1
1396,1
1396,8
1396,10
1396,14
1396,16
1397,123
1397,1042
1397,1056
1398,8
1399,1
1399,10
1399,14
1399,16
1401,8
1402,1
1402,5
1402,8
1405,12
1405,14
1405,109
1405,111
1405,1536
1406,1
1406,10
1406,16
1407,1
1407,8
1407,10
1407,12
1407,14
1407,899
1407,1113
1408,12
1410,1
1410,10
1410,14
1410,6875
1411,1
1411,12
1411,14
1411,85
1411,537
1412,10
1412,2120
1413,1
1413,10
1413,14
1414,1620
1415,1
1415,5
1415,8
1415,10
1415,345
1416,10
1416,14
1416,68
1416,537
1417,1536
1417,5058
1418,1
1418,8
1418,3968
1420,1
1421,1
1421,411
1421,1412
1421,3489
1422,1
1422,12
1423,1
1423,65
1423,85
1423,1620
1424,1
1424,10
1430,8
1430,65
1430,1603
1432,1
1433,123
1433,982
1433,1056
1434,1
1436,12
1439,12
1440,12
1440,111
1441,12
1441,1620
1443,12
1444,1
1444,10
1444,16
1445,1
1445,12
1445,3463
1446,1
1446,10
1446,12
1446,14
1446,111
1446,1536
1446,2028
1447,12
1447,14
1447,1701
1448,1
1448,8
1448,10
1448,14
1448,16
1453,1
1453,10
1453,12
1453,16
1453,78
1453,362
1453,2120
1456,12
1456,109
1457,12
1457,14
1458,1
1458,8
1458,1875
1459,1
1459,12
1459,561
1459,567
1459,1413
1460,8
1460,14
1461,1
1461,8
1461,10
1461,14
1461,16
1462,1
1462,5
1462,10
1462,83
1462,567
1462,1620
1464,8
1465,1
1465,10
1465,68
1465,83
1465,362
1465,1043
1465,1045
1465,3301
1465,4698
1465,6990
1468,1
1468,12
1468,345
1468,4698
1469,1
1470,1
1470,5
1470,8
1470,10
1470,1650
1470,3338
1470,3844
1471,1
1471,10
1472,12
1472,14
1472,60
1473,12
1474,10
1474,16
1474,65
1475,1412
1476,10
1476,68
1476,3617
1476,7018
1476,7022
1477,1
1477,8
1477,10
1477,12
1477,14
1478,12
1479,1
1479,8
1479,12
1479,3534
1480,510
1481,1620
1482,12
1483,1
1483,12
1483,14
1483,83
1483,109
1483,1113
1483,1480
1483,1536
1483,1620
1483,1758
1483,2120
1484,1
1484,8
1484,10
1484,16
1484,567
1485,1
1485,8
1485,10
1485,12
1485,362
1485,537
1486,12
1486,567
1487,8
1487,1620
1487,1816
1488,1
1488,8
1488,10
1488,16
1490,1
1490,10
1490,14
1490,37
1491,1
1491,14
1492,12
1492,14
1492,111
1492,1816
1493,10
1493,16
1494,1
1494,8
1495,12
1496,1
1496,14
1496,5091
1498,1
1498,8
1498,14
1498,1816
1501,1
1501,12
1502,12
1502,111
1503,12
1503,109
1503,111
1503,537
1504,8
1504,1875
1505,8
1505,12
1507,1
1507,12
1507,14
1507,83
1508,8
1508,10
1508,14
1508,16
1510,12
1510,14
1511,1
1511,5
1511,10
1511,65
1511,213
1511,2017
1511,2029
1511,2040
1511,2758
1511,3288
1512,1
1513,12
1515,12
1517,1
1517,10
1517,14
1517,37
1519,1
1519,8
1519,10
1520,1
1520,8
1520,10
1520,16
1520,213
1521,561
1521,567
1521,1413
1523,1
1525,1
1525,10
1525,12
1525,411
1525,927
1526,1
1526,14
1526,123
1526,398
1526,400
1526,1042
1526,1056
1526,7145
1527,12
1527,1620
1528,1620
1530,1
1530,8
1530,10
1530,16
1530,561
1530,567
1530,1423
1530,1701
1530,1703
1531,14
1531,111
1532,1
1533,1
1533,8
1533,12
1533,1650
1533,2758
1533,2777
1534,8
1534,12
1534,37
1535,1
1535,8
1535,12
1535,3523
1536,1
1536,8
1536,10
1536,12
1536,16
1536,70
1536,111
1536,1620
1537,8
1537,14
1537,1536
1538,1
1538,10
1538,12
1538,16
1538,78
1538,362
1538,2120
1539,1
1539,5
1539,8
1539,14
1540,1
1541,1
1541,1423
1542,8
1542,1816
1544,12
1546,10
1546,16
1547,1
1547,8
1547,12
1547,14
1548,1
1548,10
1548,37
1549,12
1551,10
1551,65
1552,8
1552,12
1552,109
1552,111
1552,1536
1553,1
1553,58
1553,2965
1553,7226
1554,15
1554,18
1554,22
1554,55
1554,401
1554,1524
1554,7232
1554,7234
1554,7238
1555,123
1555,487
1555,579
1555,7239
1556,1
1556,10
1556,37
1556,47
1556,141
1556,396
1556,579
1556,7245
1557,1
1557,12
1557,15
1557,18
1557,22
1557,91
1557,323
1557,401
1557,567
1557,1027
1557,1413
1557,1822
1558,1
1558,13
1558,15
1558,22
1558,91
1558,323
1558,401
1558,567
1558,1027
1558,1822
1558,7271
1558,7274
1559,18
1559,22
1559,120
1559,1704
1560,12
1560,18
1560,44
1560,91
1560,7280
1560,7281
1561,58
1562,12
1562,18
1562,1457
1562,7286
1562,7287
1562,7288
1562,7289
1563,18
1563,44
1563,1704
1563,1822
1563,7294
1563,7295
1563,7297
1564,10
1564,12
1564,16
1565,1
1565,12
1565,18
1565,44
1565,1225
1565,1704
1566,12
1566,18
1566,91
1566,7309
1566,7310
1566,7311
1566,7312
1567,12
1567,18
1567,22
1567,139
1567,487
1568,1
1568,14
1568,91
1568,927
1569,22
1569,58
1569,120
1569,7226
1569,7328
1570,8
1570,10
1570,22
1570,44
1570,58
1570,91
1570,120
1570,7330
1570,7332
1570,7333
1571,18
1571,1457
1572,10
1572,123
1573,18
1573,22
1573,123
1574,18
1574,22
1574,123
1574,401
1574,1709
1574,7286
1574,7288
1574,7289
1574,7309
1575,58
1575,123
1575,982
1575,1056
1575,7245
1575,7360
1576,1
1576,8
1576,10
1576,12
1576,22
1576,1027
1577,1
1577,13
1577,15
1577,18
1577,22
1577,29
1577,100
1577,159
1577,208
1577,209
1577,323
1577,567
1577,1027
1577,1822
1577,1971
1577,5089
1577,7377
1578,1989
1578,3489
1578,7385
1578,7386
1578,7387
1578,7388
1578,7389
1578,7391
1578,7392
1578,7393
1578,7395
1579,1
1579,8
1579,10
1579,16
1579,123
1579,2965
1580,1
1580,18
1580,22
1580,120
1580,524
1580,1709
1580,7406
1581,22
1581,132
1581,354
1581,1701
1581,5391
1581,7409
1581,7413
1582,10
1582,16
1582,123
1583,1
1583,10
1583,16
1583,18
1583,44
1583,50
1583,58
1584,12
1584,13
1584,20
1584,58
1584,7427
1585,18
1585,22
1585,123
1585,139
1585,487
1585,1027
1586,18
1586,167
1587,18
1587,22
1587,91
1587,1704
1588,18
1588,118
1588,129
1588,132
1588,1027
1588,1107
1588,1457
1588,3050
1588,7289
1588,7446
1588,7448
1588,7451
1589,123
1590,12
1590,18
1590,487
1591,18
1591,22
1591,91
1591,120
1591,482
1591,1234
1591,2620
1591,7461
1591,7464
1592,10
1592,16
1592,123
1593,1413
1594,1
1594,10
1594,16
1594,22
1594,58
1594,208
1594,401
1594,1027
1594,1085
1594,1234
1594,1709
1594,7472
1594,7478
1594,7479
1594,7480
1594,7482
1595,18
1595,58
1595,385
1595,386
1595,2847
1595,3665
1595,7489
1595,7492
1595,7493
1596,1
1596,10
1596,12
1596,16
1596,44
1597,82
1597,1479
1597,7504
1598,1
1598,10
1598,58
1598,123
1599,18
1599,22
1599,123
1599,139
1599,487
1599,1027
1600,10
1600,12
1600,18
1600,22
1600,139
1600,487
1601,1
1601,8
1601,58
1601,345
1601,524
1601,3665
1602,1
1602,14
1602,18
1602,22
1602,120
1603,12
1603,22
1603,561
1604,1
1604,10
1604,12
1604,230
1604,231
1604,2022
1605,1
1605,12
1605,15
1605,18
1605,22
1605,91
1605,323
1605,401
1605,560
1605,561
1605,567
1605,1027
1605,1413
1606,10
1606,16
1606,123
1607,18
1607,22
1607,29
1607,44
1607,354
1607,7559
1608,1
1608,12
1608,561
1608,567
1608,1413
1609,1
1609,10
1609,16
1609,18
1609,208
1609,982
1609,2815
1609,3844
1609,7568
1610,1
1610,12
1610,15
1610,18
1610,22
1610,91
1610,323
1610,401
1610,561
1610,567
1610,1027
1610,1413
1611,58
1611,167
1611,706
1611,1709
1611,7590
1611,7592
1611,7593
1611,7594
1611,7597
1611,7598
1612,18
1612,58
1613,208
1613,1027
1613,1709
1614,58
1614,385
1614,2847
1614,3665
1614,7492
1614,7493
1614,7605
1614,7607
1615,58
1616,1
1616,10
1616,58
1616,123
1617,1
1617,12
1617,18
1617,58
1617,7617
1617,7620
1618,18
1618,1704
1619,12
1619,14
1619,22
1619,1235
1620,15
1620,123
1620,487
1620,1027
1620,2659
1620,3667
1621,58
1621,7287
1621,7288
1621,7635
1622,10
1622,12
1622,13
1622,18
1622,22
1622,38
1622,91
1622,847
1622,5391
1622,7448
1622,7646
1623,58
1623,7287
1623,7288
1623,7635
1624,82
1624,1479
1624,7504
1626,1
1626,10
1626,2965
1627,1
1627,8
1627,12
1628,10
1628,16
1628,18
1628,22
1628,7664
1628,7666
1629,18
1629,123
1629,487
1630,1
1630,12
1630,15
1630,22
1630,401
1630,567
1630,1027
1630,1413
1630,1822
1631,1
1631,123
1631,389
1632,16
1632,123
1634,18
1634,22
1634,123
1634,139
1634,396
1634,487
1634,1027
1635,10
1635,50
1635,1153
1635,7559
1636,123
1636,487
1636,7697
1637,1
1637,8
1638,1
1638,10
1638,123
1638,2965
1639,1
1639,10
1639,12
1639,16
1639,22
1639,29
1639,44
1639,91
1639,1027
1639,1139
1639,2021
1639,7709
1639,7712
1639,7714
1639,7716
1640,18
1640,22
1640,44
1640,51
1640,560
1640,2257
1640,7721
1640,7722
1641,8
1641,80
1641,123
1641,411
1642,18
1642,22
1642,1822
1643,10
1643,80
1643,123
1643,7738
1644,1
1644,12
1644,15
1644,18
1644,22
1644,29
1644,141
1644,323
1644,401
1644,567
1644,1027
1644,1413
1644,1472
1644,1533
1644,1822
1644,7745
1645,1
1645,82
1645,7504
1646,1
1646,8
1646,10
1646,14
1646,15
1646,16
1646,22
1646,123
1646,994
1647,1
1647,13
1647,15
1647,18
1647,22
1647,91
1647,156
1647,159
1647,208
1647,209
1647,401
1647,567
1647,1027
1647,1822
1647,1971
1647,7274
1648,123
1648,1027
1649,18
1649,487
1650,1
1650,12
1650,15
1650,22
1650,323
1650,401
1650,567
1650,1027
1650,1413
1650,1822
1651,1
1651,15
1651,18
1651,22
1651,29
1651,91
1651,323
1651,401
1651,560
1651,567
1651,1027
1651,1822
1651,2116
1652,7
1652,10
1652,15
1652,16
1652,18
1652,22
1652,123
1652,487
1653,1
1653,8
1653,10
1653,15
1653,16
1653,22
1653,46
1653,482
1653,1027
1653,7821
1653,7825
1653,7826
1654,1
1654,8
1654,10
1654,15
1654,16
1654,22
1654,38
1654,46
1654,210
1654,1027
1654,7821
1654,7825
1654,7836
1654,7838
1655,1
1655,8
1655,10
1655,15
1655,16
1655,22
1655,46
1655,210
1655,1027
1655,7821
1655,7826
1655,7836
1656,1
1656,8
1656,10
1656,15
1656,16
1656,22
1656,210
1656,1027
1656,7821
1656,7826
1657,1
1657,10
1658,1
1658,8
1658,10
1658,12
1659,1
1659,10
1659,12
1660,1
1660,8
1660,10
1660,12
1660,16
1660,85
1660,486
1661,1
1661,8
1661,10
1661,12
1661,37
1661,58
1661,982
1661,994
1661,7590
1661,7598
1661,7886
1662,1
1662,10
1662,7894
1662,7895
1662,7896
1662,7897
1662,7898
1663,1
1663,10
1664,1
1664,13
1664,18
1664,20
1664,210
1664,922
1665,1
1665,8
1665,10
1665,12
1666,1
1666,8
1666,12
1666,14
1666,18
1666,47
1666,141
1666,211
1666,911
1666,1561
1666,7915
1666,7916
1666,7921
1667,1
1667,12
1667,58
1667,7926
1667,7927
1667,7930
1667,7931
1667,7932
1668,1
1668,14
1668,899
1668,2773
1668,2978
1668,7939
1669,1
1669,8
1669,60
1669,899
1669,1517
1669,2083
1669,3704
1669,7941
1670,1
1670,8
1670,10
1670,23
1670,58
1670,2847
1670,7245
1671,1
1671,8
1671,14
1671,994
1671,1646
1671,7959
1672,1
1672,8
1672,10
1672,12
1672,16
1672,44
1672,111
1672,139
1672,208
1672,354
1672,401
1672,1005
1672,3049
1673,1
1673,10
1673,12
1673,14
1674,1
1674,8
1674,10
1674,1290
1675,1
1675,8
1675,10
1675,12
1675,14
1675,7982
1676,1
1676,5
1676,8
1676,7990
1677,1
1678,1
1678,12
1678,14
1678,1290
1679,1
1679,8
1679,10
1679,12
1679,14
1679,15
1679,16
1679,22
1679,110
1679,208
1679,422
1680,1
1680,5
1680,8
1680,10
1680,12
1680,14
1680,15
1680,16
1680,65
1680,401
1681,1
1681,10
1681,16
1681,29
1681,44
1681,2081
1681,8024
1682,1
1682,8
1682,11
1682,12
1682,14
1682,23
1682,37
1682,58
1682,524
1682,982
1682,2658
1682,7590
1682,7886
1682,8025
1682,8027
1682,8036
1683,1
1683,8
1683,10
1683,14
1683,16
1684,18
1684,36
1684,211
1684,396
1684,452
1684,456
1684,1027
1684,1040
1684,1500
1684,8047
1684,8048
1684,8049
1684,8050
1684,8051
1684,8052
1684,8056
1684,8059
1684,8061
1684,8063
1685,1
1685,2
1685,8
1685,10
1685,14
1685,16
1685,1741
1686,1
1686,8
1686,10
1686,12
1686,14
1686,1875
1686,2080
1687,1
1687,8
1687,10
1687,16
1687,567
1687,2327
1687,2432
1687,2578
1687,8079
1687,8080
1687,8085
1687,8090
1688,1
1688,5
1688,8
1688,1620
1689,1
1689,91
1689,123
1689,134
1689,652
1689,8095
1689,8097
1689,8098
1690,1
1690,8
1690,12
1690,14
1691,1
1691,8
1691,10
1691,12
1691,13
1691,14
1691,15
1691,16
1691,22
1691,29
1691,220
1691,323
1691,567
1691,3704
1691,8121
1692,1
1692,8
1692,10
1692,13
1692,16
1692,18
1692,22
1692,44
1692,50
1692,541
1692,8127
1693,1
1693,12
1693,111
1694,14
1694,110
1694,2081
1694,8139
1695,1
1695,3
1695,8
1695,10
1695,22
1695,91
1695,123
1695,392
1695,456
1695,921
1695,8150
1696,1
1696,5
1696,10
1696,212
1696,213
1696,1001
1696,1603
1696,2500
1696,4403
1697,1
1697,14
1697,15
1697,29
1697,38
1697,141
1697,210
1697,220
1697,394
1697,401
1697,1372
1697,1875
1697,8162
1697,8170
1698,1
1698,5
1698,8
1698,10
1698,12
1698,14
1698,16
1698,18
1698,22
1698,29
1698,37
1698,40
1698,47
1698,59
1698,65
1698,83
1698,91
1698,208
1698,419
1698,510
1698,2136
1698,2758
1698,2777
1698,3301
1698,4338
1698,8174
1698,8186
1698,8190
1698,8192
1698,8202
1699,1
1699,10
1699,12
1699,14
1700,1
1700,8
1700,14
1700,37
1700,60
1700,1816
1700,8208
1700,8209
1701,1
1701,10
1701,13
1701,14
1701,38
1701,91
1701,140
1701,210
1701,220
1701,469
1701,537
1701,903
1701,927
1701,1025
1701,1026
1701,1038
1701,1112
1701,1232
1701,2500
1701,8192
1701,8219
1701,8228
1701,8231
1701,8239
1701,8240
1702,1
1702,13
1702,1248
1702,1479
1702,1500
1702,8241
1703,1
1704,1
1704,2
1704,8
1704,10
1704,14
1704,16
1704,29
1704,47
1704,64
1704,65
1704,83
1704,85
1704,118
1704,140
1704,141
1704,445
1704,1046
1704,1502
1704,1620
1704,2002
1704,2127
1704,2136
1704,2597
1704,3338
1704,7838
1704,8219
1704,8248
1704,8251
1704,8256
1704,8259
1704,8263
1704,8264
1704,8267
1704,8272
1704,8277
1704,8283
1705,123
1705,8284
1705,8285
1705,8287
1706,1
1706,12
1706,14
1706,111
1706,411
1706,2302
1707,1
1707,12
1707,15
1707,22
1707,1423
1707,2762
1708,1
1708,10
1708,12
1708,13
1708,15
1708,16
1708,20
1708,23
1708,46
1708,58
1708,362
1708,364
1708,537
1708,547
1708,559
1708,1020
1708,1248
1708,1290
1708,1726
1708,2119
1708,2257
1708,2265
1708,2282
1708,2498
1708,2847
1708,8303
1708,8304
1708,8313
1708,8316
1708,8319
1708,8324
1709,1
1709,5
1709,10
1709,34
1709,50
1709,231
1709,392
1709,486
1709,1782
1709,1895
1709,6167
1709,8335
1709,8336
1709,8337
1709,8338
1709,8342
1710,1
1710,18
1710,524
1711,1
1711,8
1711,10
1711,14
1711,16
1712,1
1712,2
1712,10
1712,18
1712,981
1712,8356
1713,1
1713,5
1713,10
1713,14
1713,58
1713,83
1714,8
1714,12
1714,85
1714,652
1715,1
1715,8
1715,12
1715,14
1716,1
1716,8
1716,14
1717,12
1717,14
1717,1816
1718,12
1718,14
1718,409
1718,411
1718,412
1718,8382
1718,8383
1719,2
1719,13
1719,18
1719,20
1719,36
1719,220
1719,1709
1719,2002
1719,2597
1719,8393
1719,8395
1719,8396
1719,8397
1719,8399
1720,8
1720,15
1720,16
1720,18
1720,22
1720,100
1720,120
1720,141
1720,371
1720,422
1720,1107
1720,1225
1720,1816
1720,8406
1721,1
1721,8
1721,12
1721,14
1722,59
1722,91
1722,419
1722,8422
1723,1
1723,12
1723,14
1723,110
1723,3316
1724,1
1724,12
1724,14
1724,927
1725,1
1725,8
1725,10
1725,16
1725,23
1725,37
1725,85
1725,1473
1725,2181
1725,2193
1726,5
1726,8
1726,18
1726,22
1727,1
1727,10
1727,398
1727,411
1728,1
1728,8
1728,10
1728,14
1728,22
1728,46
1728,65
1728,91
1728,210
1728,976
1728,8456
1728,8459
1729,1
1729,47
1729,91
1729,141
1729,911
1729,1248
1729,1500
1729,2439
1729,3371
1729,4177
1729,8463
1729,8469
1729,8474
1730,1
1730,8
1730,10
1730,12
1730,14
1730,16
1730,22
1730,29
1730,66
1730,111
1730,141
1730,220
1730,445
1730,583
1730,1001
1730,1234
1730,1603
1730,1764
1730,2815
1730,3180
1730,3338
1730,3844
1730,3855
1730,7245
1730,7286
1730,8477
1730,8483
1730,8484
1730,8490
1730,8493
1730,8496
1730,8501
1730,8505
1731,1
1731,10
1731,78
1731,167
1731,537
1731,8511
1732,1
1732,8
1732,10
1732,14
1732,60
1732,65
1732,83
1732,141
1732,1666
1732,1989
1732,2758
1732,2777
1732,8516
1733,1
1733,10
1733,14
1733,22
1733,59
1733,91
1733,100
1733,141
1733,8528
1733,8531
1733,8536
1734,1
1734,8
1734,22
1734,37
1734,38
1734,58
1734,370
1734,445
1734,994
1734,2086
1734,6380
1734,8542
1734,8548
1735,1
1735,8
1735,10
1735,14
1735,1278
1735,8552
1736,1
1736,8
1736,10
1736,14
1736,46
1736,65
1736,91
1736,976
1736,8459
1736,8567
1737,1
1737,12
1737,14
1738,1
1738,8
1738,14
1738,18
1738,22
1738,83
1738,91
1738,118
1738,156
1738,208
1738,323
1738,362
1738,537
1738,560
1738,847
1738,1027
1738,1141
1738,1163
1738,1413
1738,1472
1738,1741
1738,1963
1738,1971
1738,2136
1738,2868
1738,5089
1738,5388
1738,8231
1738,8581
1739,1
1739,14
1739,927
1739,1235
1739,8601
1740,1
1740,8
1740,14
1740,141
1740,1423
1740,1480
1740,1679
1740,8610
1741,1
1741,8
1741,10
1741,12
1741,14
1741,16
1741,2022
1741,8615
1742,1
1742,10
1742,12
1742,16
1743,1
1743,10
1743,14
1743,16
1743,18
1743,22
1743,85
1743,110
1743,141
1743,1372
1743,1701
1743,1875
1743,2483
1743,2966
1744,1
1744,8
1744,22
1745,1
1745,8
1745,10
1745,12
1745,14
1745,109
1745,111
1745,323
1745,2758
1745,2773
1745,7825
1745,8642
1745,8643
1745,8645
1745,8646
1746,1
1746,10
1746,16
1746,23
1746,345
1746,364
1746,369
1746,1085
1746,1423
1746,2483
1746,8661
1746,8667
1747,1
1747,10
1747,16
1747,210
1747,345
1747,364
1747,369
1747,1423
1747,8667
1747,8672
1747,8673
1748,1
1748,10
1748,16
1748,210
1748,345
1748,364
1748,369
1748,1423
1749,1
1749,10
1749,22
1749,44
1749,362
1749,537
1750,1
1750,10
1750,12
1750,14
1750,15
1750,22
1750,29
1750,47
1750,141
1750,911
1750,1025
1750,1038
1750,2080
1750,2113
1750,3020
1750,8121
1750,8701
1750,8709
1750,8710
1751,1
1751,8
1751,14
1751,37
1751,445
1752,1
1752,8
1752,10
1752,16
1752,37
1753,1
1753,10
1753,37
1753,141
1753,169
1753,213
1753,220
1753,231
1753,389
1753,486
1753,1029
1753,1286
1753,2022
1753,2758
1753,7245
1753,8724
1753,8727
1753,8732
1753,8734
1753,8736
1754,1
1754,10
1754,15
1754,16
1754,559
1754,567
1754,8749
1755,1
1755,8
1755,12
1755,14
1756,1
1756,10
1756,16
1756,64
1756,65
1756,345
1757,1
1757,8
1757,12
1758,1
1758,8
1759,1
1759,10
1759,12
1759,14
1759,64
1760,1
1760,8
1760,12
1760,13
1760,14
1760,20
1760,48
1760,50
1760,59
1760,91
1760,208
1760,469
1760,1484
1760,8397
1760,8779
1761,1
1761,8
1761,10
1761,12
1761,13
1761,14
1761,15
1761,16
1761,22
1761,29
1761,91
1761,132
1761,192
1761,208
1761,220
1761,482
1761,567
1761,3704
1761,8121
1762,1
1762,12
1762,16
1762,22
1762,74
1762,118
1763,1
1763,15
1763,20
1763,22
1763,37
1763,210
1763,401
1764,1
1764,8
1764,37
1764,58
1764,445
1764,1290
1764,3667
1764,7286
1764,8219
1764,8542
1764,8817
1764,8818
1764,8828
1765,1
1765,8
1765,10
1765,12
1765,14
1765,15
1765,16
1765,29
1765,64
1765,65
1765,83
1765,141
1765,401
1765,994
1766,1
1766,10
1766,14
1766,16
1766,1531
1766,2010
1766,4197
1766,8847
1766,8848
1767,1
1767,10
1767,14
1767,29
1767,1235
1767,1989
1767,3020
1767,8855
1768,1
1768,5
1768,18
1768,22
1768,36
1768,47
1768,59
1768,65
1768,83
1768,91
1768,137
1768,141
1768,211
1768,371
1768,456
1768,1290
1768,2363
1769,1
1769,8
1769,10
1769,14
1769,16
1769,29
1769,37
1769,47
1769,91
1769,141
1769,210
1769,1085
1770,1
1770,5
1770,10
1770,22
1770,65
1770,91
1770,120
1770,210
1770,362
1770,2136
1770,2363
1770,2758
1772,231
1772,385
1772,3665
1772,8902
1772,8905
1772,8906
1772,8907
1772,8909
1772,8910
1772,8911
1772,8912
1772,8913
1773,1
1773,8
1773,10
1773,12
1773,65
1773,82
1773,91
1773,1601
1773,8919
1774,18
1774,47
1774,120
1774,141
1774,210
1774,371
1774,482
1774,1029
1774,8925
1775,1
1775,8
1775,60
1775,80
1775,445
1775,2083
1775,2348
1775,8933
1775,8934
1775,8939
1776,1
1776,10
1776,12
1776,13
1776,14
1776,15
1776,16
1776,18
1776,20
1776,208
1777,1
1777,8
1777,10
1777,12
1778,1
1778,10
1778,85
1778,7825
1778,8749
1778,8956
1778,8959
1779,1
1779,8
1779,10
1779,14
1779,16
1780,1
1780,8
1780,14
1780,37
1780,91
1780,141
1780,1001
1780,7245
1780,8974
1781,1
1781,8
1781,10
1781,14
1781,16
1781,37
1781,65
1781,123
1781,345
1781,346
1781,982
1781,2413
1781,8978
1781,8983
1781,8984
1781,8992
1782,1
1782,5
1782,8
1783,1
1783,10
1783,12
1783,345
1783,445
1784,1
1784,12
1784,22
1784,38
1784,46
1784,354
1785,1
1785,5
1785,10
1785,37
1785,3093
1785,9012
1786,1
1786,8
1786,12
1786,14
1787,1
1787,5
1787,8
1787,10
1787,16
1787,37
1787,486
1787,541
1787,1910
1787,9020
1788,1
1788,10
1788,37
1788,486
1788,1603
1789,1
1789,10
1789,12
1789,141
1789,392
1789,486
1789,9033
1790,1
1791,1
1791,10
1791,37
1791,981
1792,1
1792,18
1792,91
1792,100
1792,208
1792,396
1793,1
1793,8
1793,12
1793,14
1793,1816
1794,1
1794,8
1794,14
1794,22
1794,91
1794,123
1794,220
1794,364
1794,982
1794,1875
1794,2483
1795,1
1795,10
1795,110
1795,212
1795,1046
1795,1412
1795,1413
1795,5113
1795,9071
1796,1
1796,8
1796,12
1796,14
1796,50
1796,91
1796,982
1796,1001
1796,9079
1797,1
1797,37
1798,1
1798,8
1798,20
1798,37
1798,74
1798,141
1798,210
1798,1733
1799,15
1799,18
1799,123
1799,9095
1800,1
1800,10
1801,1
1801,8
1801,10
1801,14
1801,29
1801,37
1801,65
1801,83
1801,210
1801,1141
1801,1153
1801,1895
1801,2909
1801,3051
1801,8219
1802,10
1802,78
1803,1
1803,14
1804,1
1804,10
1804,12
1804,14
1804,16
1804,80
1804,345
1804,524
1804,1233
1804,1472
1804,1758
1804,1905
1804,2039
1804,7245
1804,9129
1805,1
1805,10
1805,78
1806,1
1806,12
1806,14
1806,7245
1807,1
1807,10
1807,14
1807,16
1807,8511
1807,9141
1808,1
1808,8
1808,10
1808,14
1808,16
1808,44
1808,78
1808,1971
1808,8219
1808,9147
1808,9148
1808,9150
1808,9152
1808,9157
1808,9158
1810,1
1810,8
1810,10
1810,14
1810,16
1810,65
1810,78
1810,83
1810,345
1810,537
1810,1045
1810,1251
1810,1875
1810,2777
1810,9172
1811,1
1811,14
1812,1
1812,5
1812,16
1812,123
1812,486
1812,561
1812,567
1812,9186
1813,1
1813,10
1813,14
1813,22
1813,91
1813,141
1813,903
1813,1129
1814,1
1814,10
1814,16
1814,1286
1814,2257
1815,1
1815,10
1815,13
1815,15
1815,18
1815,22
1815,36
1815,65
1815,66
1815,156
1815,208
1815,323
1815,918
1815,976
1815,2965
1815,3020
1816,1
1816,8
1816,12
1816,14
1816,44
1816,47
1816,91
1816,111
1816,141
1816,155
1816,208
1816,220
1816,323
1816,469
1816,561
1816,567
1816,982
1816,996
1816,1027
1816,1413
1816,1472
1816,1741
1816,2116
1816,2539
1817,1
1817,8
1817,524
1817,652
1818,1
1818,12
1818,14
1819,1
1819,8
1819,10
1819,14
1819,23
1819,51
1819,111
1819,411
1819,1027
1819,1085
1819,1343
1819,1989
1819,9249
1819,9250
1819,9251
1819,9253
1819,9254
1819,9264
1820,8
1820,10
1820,14
1820,16
1820,22
1820,445
1820,2090
1821,1
1821,8
1821,10
1821,15
1821,16
1821,22
1821,38
1821,46
1821,1027
1821,9277
1822,1
1822,10
1822,362
1822,537
1823,1
1823,10
1823,14
1823,16
1824,1
1824,5
1824,8
1824,10
1824,16
1824,65
1824,3338
1825,1
1825,8
1825,13
1825,20
1825,22
1825,23
1825,1875
1825,9304
1826,1
1826,14
1826,22
1826,401
1826,524
1826,1251
1826,2363
1826,4339
1827,1
1827,8
1827,10
1827,15
1827,16
1827,22
1827,29
1827,36
1827,47
1827,59
1827,65
1827,83
1827,91
1827,134
1827,141
1827,208
1827,210
1827,396
1827,652
1827,1001
1827,1457
1827,2494
1827,2597
1827,2777
1827,8080
1827,9315
1827,9316
1828,1
1828,5
1828,8
1828,10
1828,14
1828,65
1828,1875
1828,8501
1828,9341
1828,9345
1829,1
1829,10
1829,16
1829,22
1829,47
1829,123
1829,129
1829,141
1829,392
1829,411
1829,1457
1829,8219
1829,9350
1829,9357
1830,1
1830,123
1830,394
1830,398
1830,567
1830,9366
1831,1
1831,5
1831,10
1831,14
1831,91
1831,141
1831,208
1831,1129
1831,2127
1831,8231
1832,1
1832,1708
1832,9381
1833,1
1833,10
1833,14
1833,83
1833,85
1833,371
1833,567
1833,927
1833,981
1833,1997
1833,2080
1833,2181
1833,2193
1833,2282
1833,3020
1833,5100
1833,5113
1833,5808
1833,9391
1833,9393
1833,9394
1833,9395
1833,9398
1834,1
1834,111
1834,396
1834,1000
1834,9407
1834,9409
1835,1
1835,36
1835,91
1835,100
1835,123
1835,400
1835,1042
1835,1056
1835,2417
1835,2498
1835,4935
1835,9412
1836,1
1836,12
1836,14
1837,1
1837,8
1837,12
1837,14
1838,1
1838,12
1838,13
1838,15
1838,91
1838,141
1838,323
1838,561
1838,567
1838,1027
1838,1413
1838,1472
1838,1741
1839,1
1839,8
1839,12
1839,14
1840,1
1840,8
1840,10
1840,12
1840,14
1840,141
1840,345
1840,364
1840,411
1840,1113
1840,1650
1840,3301
1840,9448
1840,9450
1840,9455
1841,1
1841,18
1841,141
1841,210
1841,211
1841,396
1841,537
1841,1040
1841,1500
1841,1666
1841,9466
1842,1
1842,8
1842,12
1842,14
1843,1
1843,15
1843,22
1844,1
1844,8
1844,12
1844,14
1845,1
1845,8
1845,10
1845,13
1845,14
1845,18
1845,47
1845,141
1845,927
1845,1001
1845,1816
1845,2202
1845,2363
1845,4700
1845,7245
1845,8324
1845,9491
1845,9495
1846,1
1846,2090
1847,12
1847,14
1847,111
1847,3704
1848,1
1848,10
1848,123
1848,398
1848,1042
1848,1056
1848,9509
1849,1
1849,8
1849,10
1849,12
1849,14
1849,23
1849,29
1849,37
1849,65
1849,83
1849,129
1849,141
1849,411
1849,1001
1849,1042
1849,1056
1849,1473
1849,1480
1849,1679
1849,2363
1849,2500
1849,7297
1849,7559
1849,9357
1849,9518
1849,9520
1849,9526
1849,9527
1849,9535
1849,9540
1849,9541
1850,8
1850,12
1850,14
1850,111
1850,9548
1851,1
1851,5
1851,8
1851,10
1851,14
1851,16
1851,23
1851,37
1851,58
1851,1001
1851,1603
1851,1910
1851,3665
1851,7594
1851,8542
1851,9553
1851,9554
1851,9561
1851,9567
1851,9571
1852,1
1852,8
1852,10
1852,15
1852,16
1852,22
1852,29
1852,37
1852,47
1852,65
1852,83
1852,91
1852,134
1852,141
1852,208
1852,210
1852,396
1852,652
1852,1001
1852,1758
1852,2777
1852,8080
1853,6
1853,18
1853,123
1853,982
1853,996
1853,1056
1853,2496
1853,2847
1853,9594
1853,9598
1853,9599
1853,9601
1853,9602
1853,9603
1853,9605
1853,9606
1853,9607
1853,9609
1853,9610
1854,1
1854,10
1854,14
1854,69
1854,82
1854,123
1854,346
1854,899
1854,1113
1854,1423
1854,1601
1854,1603
1854,1869
1854,2383
1854,4037
1854,9618
1854,9619
1854,9620
1854,9626
1855,8
1855,110
1855,9632
1855,9634
1855,9635
1855,9636
1855,9638
1855,9639
1856,1
1856,10
1856,14
1856,18
1856,40
1856,69
1856,82
1856,123
1856,899
1856,976
1856,1500
1856,1601
1856,1603
1856,2383
1856,2417
1856,4037
1856,4177
1856,9626
1856,9640
1856,9645
1856,9646
1856,9647
1856,9650
1856,9651
1856,9655
1856,9656
1856,9662
1857,8
1857,110
1857,9632
1857,9634
1857,9635
1857,9636
1857,9638
1857,9639
1857,9667
1857,9670
1857,9673
1857,9676
1858,13
1858,18
1858,22
1858,36
1858,141
1858,323
1858,392
1858,1824
1859,1
1859,8
1859,10
1859,111
1859,5113
1859,9688
1859,9690
1860,1
1860,8
1860,14
1860,16
1860,78
1860,85
1860,123
1860,567
1860,9694
1860,9699
1860,9700
1861,1
1861,5
1861,8
1861,14
1861,37
1861,60
1861,91
1861,141
1861,345
1861,346
1861,389
1861,486
1861,1232
1861,2083
1862,1
1862,12
1862,13
1862,22
1862,401
1862,1850
1863,1027
1863,1085
1863,8219
1863,9726
1863,9729
1863,9730
1864,1
1864,8
1864,12
1864,567
1864,899
1864,1113
1864,1423
1864,1830
1864,1875
1864,5908
1865,1
1865,9741
1866,1
1866,8
1866,10
1866,13
1866,20
1866,36
1866,47
1866,100
1866,120
1866,141
1866,1816
1867,1
1867,5
1867,8
1867,10
1867,14
1867,65
1867,68
1867,83
1867,362
1867,364
1867,510
1867,511
1867,537
1867,1043
1867,1045
1867,1112
1867,2040
1867,2136
1867,3267
1867,3855
1867,4955
1867,9759
1867,9763
1867,9767
1867,9770
1868,1
1868,8
1868,12
1868,109
1868,111
1868,1113
1868,2132
1869,1
1869,8
1869,10
1869,12
1869,14
1869,22
1869,927
1869,1235
1869,1423
1869,3093
1871,1
1871,8
1871,10
1871,12
1871,14
1871,16
1871,22
1871,37
1871,91
1871,129
1872,8
1872,12
1872,13
1872,14
1872,18
1872,50
1872,111
1872,1085
1872,1620
1872,9806
1873,1
1873,8
1873,12
1873,37
1873,58
1874,1
1875,1
1875,10
1875,12
1875,14
1875,927
1875,1235
1875,1245
1876,1
1876,8
1876,12
1876,14
1876,23
1876,982
1876,1646
1876,1910
1876,9830
1876,9835
1877,1
1877,8
1877,18
1877,22
1877,41
1877,396
1877,2758
1878,1
1878,5
1878,8
1878,12
1878,14
1878,37
1878,91
1878,982
1878,1001
1878,1251
1878,1290
1878,1603
1878,1758
1878,2117
1879,1
1879,8
1879,10
1879,12
1879,16
1879,44
1879,401
1879,652
1879,1036
1879,1353
1879,1372
1879,2116
1879,2117
1879,2420
1879,8080
1880,1
1880,5
1880,8
1880,12
1880,14
1880,37
1880,367
1880,524
1880,982
1880,1113
1880,1290
1880,1423
1881,1
1881,5
1881,8
1881,12
1881,14
1881,36
1881,37
1881,91
1881,211
1881,367
1881,424
1881,524
1881,982
1881,1113
1881,1290
1881,1423
1881,1930
1882,1
1882,8
1882,10
1882,37
1882,524
1882,1650
1883,1
1883,5
1883,8
1883,12
1883,14
1883,37
1883,91
1883,211
1883,367
1883,424
1883,524
1883,982
1883,1070
1883,1113
1883,1290
1883,1423
1883,1930
1883,2117
1884,1
1884,8
1884,10
1884,14
1884,1764
1885,1
1885,5
1885,8
1885,12
1885,14
1885,37
1885,91
1885,982
1885,1001
1885,1113
1885,1290
1885,1423
1885,1603
1886,1
1886,10
1886,37
1886,392
1886,486
1886,9946
1887,1
1887,8
1887,10
1887,12
1887,15
1887,91
1887,389
1887,994
1887,7959
1888,1
1888,8
1888,12
1888,37
1888,58
1889,1
1889,8
1889,12
1889,37
1889,58
1890,1
1890,345
1890,652
1890,1278
1890,1824
1891,10
1891,14
1891,16
1891,2432
1891,8080
1891,9977
1892,1
1892,14
1892,18
1892,22
1892,1290
1893,12
1893,14
1894,10
1894,212
1894,213
1894,2181
1894,2383
1894,9991
1895,110
1895,394
1895,1875
1895,1989
1895,2257
1895,2265
1896,1
1896,14
1896,1290
1897,8
1897,14
1897,65
1897,85
1897,91
1897,220
1897,911
1897,1816
1897,2875
1897,10007
1897,10011
1898,1
1898,10
1898,12
1898,14
1898,141
1898,2500
1898,10015
1899,1
1899,14
1899,91
1899,567
1900,1
1900,8
1900,12
1900,22
1900,37
1900,58
1900,91
1901,1
1901,10
1901,15
1901,29
1901,37
1901,58
1901,1043
1901,1473
1901,7594
1901,9554
1901,10035
1901,10036
1902,1
1902,12
1902,109
1902,111
1903,1
1903,2
1903,5
1903,14
1903,85
1903,537
1903,1248
1903,1666
1903,1830
1903,1875
1903,10049
1903,10060
1904,1
1904,12
1904,109
1904,111
1904,5330
1905,1
1905,91
1905,652
1905,927
1905,1235
1906,10
1906,12
1906,14
1906,16
1907,1
1907,8
1907,37
1908,1
1908,37
1908,524
1909,1
1909,12
1909,14
1909,110
1909,141
1909,927
1909,1989
1909,10082
1909,10085
1910,1
1910,10
1910,14
1910,16
1910,22
1910,50
1910,537
1910,927
1910,1025
1910,1038
1910,8701
1910,9407
1910,10092
1910,10094
1910,10103
1911,1
1911,10
1911,14
1911,16
1911,50
1911,537
1911,927
1911,1025
1911,1038
1911,8701
1911,9407
1911,10092
1911,10103
1911,10111
1912,1
1912,2
1912,8
1912,46
1912,47
1912,120
1912,2597
1912,10119
1912,10124
1912,10125
1912,10126
1912,10127
1912,10128
1912,10132
1913,1
1913,8
1913,10
1913,14
1913,16
1914,1
1914,8
1914,10
1914,16
1914,652
1915,1
1915,5
1915,8
1915,10
1915,12
1915,14
1915,15
1915,16
1915,37
1915,85
1915,367
1916,1
1916,10
1916,13
1916,14
1916,15
1916,16
1916,18
1916,22
1916,36
1916,50
1916,91
1916,120
1916,396
1916,537
1916,927
1916,1025
1916,1038
1916,1704
1916,8701
1916,9407
1916,10094
1916,10103
1916,10165
1917,1
1917,8
1917,12
1917,14
1918,1
1918,5
1918,8
1918,10
1918,12
1918,14
1918,16
1918,37
1918,85
1918,367
1919,10
1919,15
1919,16
1919,29
1919,208
1919,396
1919,401
1919,510
1919,918
1919,1413
1919,1457
1919,10193
1919,10194
1921,1
1921,8
1921,10
1921,16
1921,22
1921,37
1921,48
1921,78
1921,85
1921,132
1921,139
1921,911
1921,1085
1921,1650
1921,2116
1921,10216
1922,1
1922,8
1922,10
1922,16
1922,37
1922,1286
1922,1473
1922,2193
1922,8779
1922,10224
1923,1
1923,8
1923,10
1923,14
1923,37
1923,46
1923,91
1923,220
1923,392
1923,456
1923,486
1923,524
1923,919
1923,1070
1923,1650
1923,1782
1923,10233
1923,10234
1923,10238
1923,10244
1923,10245
1924,1
1924,10
1924,13
1924,38
1924,44
1924,161
1924,210
1924,537
1924,10254
1924,10255
1924,10257
1924,10258
1925,1
1925,8
1925,10
1925,12
1925,14
1925,16
1925,29
1925,46
1925,91
1925,111
1925,567
1925,927
1925,1085
1925,1875
1926,12
1926,14
1926,110
1926,422
1926,487
1926,1020
1926,1036
1926,1558
1926,1620
1926,2080
1926,2539
1926,10277
1926,10278
1926,10285
1926,10286
1926,10289
1926,10290
1926,10293
1926,10295
1927,1
1927,8
1927,12
1927,14
1928,1
1928,8
1928,10
1928,12
1928,14
1928,22
1928,210
1928,2658
1928,2847
1928,10309
1929,1
1930,1
1930,8
1930,10
1930,12
1930,14
1930,16
1930,22
1930,46
1930,141
1930,345
1930,445
1930,899
1930,1113
1930,1241
1930,1830
1930,2024
1930,2500
1930,3093
1930,3228
1943,1
1943,10
1943,15
1943,23
1943,36
1943,59
1943,65
1943,78
1943,83
1943,85
1943,91
1943,141
1943,210
1943,505
1943,911
1943,1020
1943,1029
1943,1461
1943,3038
1943,9700
1945,1
1945,13
1945,18
1945,20
1945,22
1945,23
1945,85
1945,178
1945,385
1945,486
1945,902
1945,10507
1945,10509
1949,1
1949,8
1949,10
1949,12
1949,14
1949,22
1949,38
1949,100
1949,194
1949,210
1949,211
1949,396
1949,2658
1949,2847
1949,10309
1949,10579
1951,10
1951,15
1951,16
1951,40
1951,41
1951,208
1951,211
1951,396
1951,422
1951,9409
1951,10591
1951,10592
1951,10594
1951,10595
1951,10597
1951,10598
1951,10600
1951,10604
1951,10607
1951,10610
1952,1
1952,5
1952,8
1952,91
1952,141
1952,367
1952,486
1952,524
1952,541
1952,982
1952,10617
1954,1
1954,10
1954,13
1954,20
1954,44
1954,161
1954,210
1954,537
1954,10255
1954,10257
1956,1
1956,8
1956,18
1956,22
1956,23
1956,38
1956,91
1956,120
1956,8406
1956,8779
1956,10408
1956,10649
1959,1
1959,8
1959,10
1959,13
1959,16
1959,18
1959,22
1959,36
1959,37
1959,40
1959,44
1959,91
1959,120
1959,141
1959,210
1959,424
1959,982
1959,10686
1960,1
1960,2
1960,8
1960,10
1960,18
1960,22
1960,36
1960,60
1960,91
1960,486
1960,524
1960,652
1960,1484
1960,1502
1960,2417
1960,2758
1960,10717
1961,1
1961,2
1961,8
1961,10
1961,13
1961,18
1961,22
1961,60
1961,91
1961,486
1961,524
1961,652
1961,902
1961,1036
1961,1502
1961,2417
1961,2758
1961,10717
1962,1
1962,8
1962,12
1962,14
1962,85
1962,111
1962,220
1962,445
1962,469
1963,1
1963,10
1963,14
1963,16
1963,18
1963,22
1963,29
1963,40
1963,46
1963,59
1963,85
1963,141
1963,220
1963,422
1963,911
1963,1372
1963,1558
1963,1701
1963,1875
1963,2483
1963,4183
1963,5330
1963,8127
1963,8162
1963,9662
1963,10754
1963,10762
1964,1
1964,8
1964,10
1964,13
1964,14
1964,18
1964,20
1964,22
1964,31
1964,36
1964,50
1964,208
1964,583
1964,1850
1964,9662
1965,1
1965,14
1965,46
1965,211
1965,456
1965,469
1965,918
1965,919
1965,1036
1965,1070
1965,10796
1966,8
1966,14
1966,15
1966,22
1966,48
1966,91
1966,1107
1966,10804
1967,1
1967,5
1967,10
1967,18
1967,85
1967,123
1967,1248
1967,8061
1967,9315
1967,10035
1967,10811
1967,10814
1967,10815
1967,10817
1967,10819
1967,10821
1967,10822
1967,10823
1967,10824
1968,1
1968,5
1968,10
1968,13
1968,18
1968,36
1968,40
1968,50
1968,65
1968,85
1968,210
1968,452
1968,469
1968,1085
1968,1733
1968,5113
1968,10092
1968,10255
1968,10828
1968,10830
1968,10831
1968,10836
1968,10839
1968,10843
1968,10846
1969,1
1969,5
1969,8
1969,10
1969,14
1969,16
1969,22
1969,23
1969,37
1969,129
1969,524
1970,12
1970,13
1970,14
1970,22
1970,36
1970,211
1970,927
1970,1235
1970,2417
1970,10433
1970,10870
1971,1
1971,5
1971,10
1971,18
1971,23
1971,36
1971,37
1971,47
1971,212
1971,213
1971,486
1971,706
1971,1344
1971,1461
1971,1782
1971,2181
1971,2758
1971,3338
1971,8406
1971,10875
1971,10879
1971,10887
1971,10888
1971,10889
1971,10893
1971,10894
1971,10896
1972,1
1972,8
1972,12
1972,14
1972,2010
1972,10904
1972,10905
1972,10906
1972,10907
1973,1
1973,10
1973,16
1973,18
1973,22
1973,48
1973,51
1973,111
1973,561
1973,981
1973,1164
1973,1709
1973,3704
1973,7722
1973,10912
1973,10914
1973,10915
1974,1
1974,8
1974,14
1974,18
1974,22
1974,36
1974,59
1974,91
1974,141
1974,1484
1974,10927
1975,1
1975,10
1975,14
1975,18
1975,46
1975,123
1975,141
1975,192
1975,211
1975,396
1975,547
1975,903
1975,918
1975,1113
1975,1232
1975,1830
1975,1847
1975,1875
1975,3463
1975,8127
1975,10943
1975,10944
1975,10947
1975,10950
1977,1
1977,10
1977,13
1977,38
1977,44
1977,91
1977,161
1977,210
1977,537
1977,10255
1977,10257
1977,10408
1978,1
1978,5
1978,8
1978,10
1978,14
1978,16
1978,22
1978,23
1978,37
1978,129
1978,524
1979,1
1979,8
1979,10
1979,14
1979,22
1979,37
1979,50
1979,70
1979,120
1979,141
1979,210
1979,482
1979,547
1979,1053
1979,1225
1979,1234
1979,1413
1979,1457
1979,1561
1979,1646
1979,2507
1979,4175
1979,4371
1979,10165
1979,10993
1979,10998
1979,11005
1979,11007
1979,11010
1979,11011
1979,11012
1979,11013
1979,11019
1980,1
1980,8
1980,13
1980,22
1980,36
1980,37
1980,38
1980,91
1980,10350
1980,10433
1980,11023
1980,11028
1980,11031
1980,11034
1980,11035
1980,11036
1981,12
1981,13
1981,18
1981,38
1981,40
1981,59
1981,122
1981,132
1981,211
1981,456
1981,469
1981,513
1981,918
1981,1558
1981,1705
1981,11044
1981,11045
1981,11048
1981,11050
1981,11056
1982,12
1982,50
1982,109
1982,111
1982,112
1982,120
1982,122
1982,211
1982,456
1982,902
1982,1558
1982,1620
1982,2117
1982,2539
1982,2597
1982,7617
1982,8025
1982,11073
1982,11076
1982,11078
1983,8
1983,10
1983,13
1983,14
1983,15
1983,16
1983,18
1983,29
1983,401
1983,583
1983,1704
1983,1930
1983,2101
1983,9391
1983,9394
1983,11082
1983,11085
1983,11086
1983,11087
1983,11088
1983,11089
1983,11092
1983,11094
1984,1
1984,3
1984,8
1984,10
1984,14
1984,22
1984,36
1984,37
1984,41
1984,65
1984,83
1984,91
1984,141
1984,220
1984,1025
1984,1029
1984,1038
1984,1225
1984,2777
1984,8228
1984,8231
1984,8734
1984,11113
1984,11115
1984,11117
1985,1
1985,8
1985,10
1985,12
1985,18
1985,109
1985,111
1985,112
1985,156
1985,411
1985,1107
1985,1194
1985,11127
1985,11132
1985,11134
1985,11135
1986,1
1986,8
1986,14
1986,18
1986,22
1986,91
1986,141
1986,396
1986,911
1986,1500
1986,1558
1986,11147
1986,11148
1988,1
1988,8
1988,12
1988,18
1989,1
1989,8
1989,10
1989,13
1989,16
1989,22
1989,37
1989,40
1989,445
1989,469
1989,1001
1989,1070
1989,2496
1989,8406
1989,8779
1989,11188
1989,11193
1989,11201
1989,11202
1989,11203
1990,1
1990,8
1990,12
1990,37
1990,392
1991,12
1991,13
1991,18
1991,36
1991,55
1991,156
1991,422
1991,902
1991,2432
1991,11127
1991,11215
1991,11216
1991,11217
1992,1
1992,10
1992,16
1992,22
1992,65
1992,83
1992,2758
1992,2777
1993,1
1993,6
1993,8
1993,12
1993,14
1993,37
1993,46
1993,208
1993,211
1993,396
1996,8
1996,15
1996,22
1996,38
1996,354
1996,1473
1996,3668
1996,11269
1996,11271
1997,1
1997,8
1997,12
1997,14
1997,20
1997,1620
1997,1930
1997,2302
1997,2773
1997,11115
1997,11276
1997,11280
1998,1
1998,8
1998,10
1998,12
1998,109
1998,111
1998,112
1998,411
1998,11127
1998,11134
1999,1
1999,5
1999,8
1999,10
1999,13
1999,20
1999,22
1999,37
1999,91
1999,220
1999,486
1999,1733
1999,1910
1999,2117
1999,11305
1999,11306
2000,1
2000,2
2000,5
2000,12
2000,18
2000,60
2000,445
2000,2420
2001,12
2001,13
2001,22
2001,41
2001,79
2001,208
2001,211
2001,411
2001,424
2001,1558
2001,1561
2001,1850
2001,1917
2001,10433
2001,10822
2001,11330
2002,1
2002,10
2002,18
2002,22
2002,44
2002,104
2002,362
2002,537
2002,2267
2002,2271
2002,2483
2002,2815
2002,8025
2002,9157
2003,1
2003,8
2003,10
2003,12
2003,14
2003,16
2003,22
2003,122
2003,125
2003,141
2003,208
2003,212
2003,213
2003,1235
2003,1482
2003,11358
2003,11360
2003,11361
2003,11364
2003,11366
2003,11367
2003,11369
2004,1
2004,8
2004,14
2004,2060
2005,1
2005,8
2005,10
2005,46
2007,1
2007,10
2007,16
2007,65
2007,122
2007,141
2007,213
2007,2262
2007,2302
2007,2698
2007,3180
2007,11390
2007,11391
2007,11393
2008,1
2008,10
2008,14
2008,16
2008,18
2008,22
2008,210
2008,422
2008,1558
2008,10011
2008,10822
2009,1
2009,10
2009,18
2009,36
2009,47
2009,59
2009,505
2009,911
2009,1248
2009,1500
2009,2498
2009,2539
2009,2773
2009,11413
2009,11421
2009,11422
2009,11424
2009,11427
2009,11428
2009,11429
2009,11431
2009,11432
2009,11433
2010,1
2010,10
2010,22
2010,141
2010,486
2010,2017
2010,2758
2010,10193
2010,10617
2010,11439
2010,11442
2010,11443
2011,1
2011,2
2011,7
2011,18
2011,22
2011,36
2011,59
2011,211
2011,383
2011,392
2011,1020
2011,1305
2011,9315
2012,8
2012,12
2012,13
2012,14
2012,18
2012,20
2012,22
2012,36
2012,120
2012,211
2012,396
2012,919
2012,2932
2013,1
2013,8
2013,12
2013,14
2013,37
2014,1
2014,8
2014,10
2014,12
2014,13
2014,14
2014,18
2014,22
2014,208
2014,567
2014,1457
2014,11486
2015,6
2015,14
2015,18
2015,36
2015,41
2015,46
2015,50
2015,91
2015,156
2015,422
2015,1020
2015,1036
2015,1113
2015,2815
2015,8231
2015,11498
2015,11503
2015,11504
2015,11505
2017,1
2017,5
2017,13
2017,14
2017,15
2017,22
2017,23
2017,38
2017,50
2017,54
2017,139
2017,458
2017,7245
2017,7287
2017,11515
2017,11516
2017,11518
2017,11519
2017,11520
2017,11522
2017,11523
2017,11526
2017,11527
2017,11528
2017,11529
2017,11530
2017,11535
2017,11538
2017,11539
2017,11540
2017,11541
2017,11543
2018,8
2018,12
2018,13
2018,14
2018,18
2018,22
2018,44
2018,58
2018,110
2018,208
2018,211
2018,422
2018,1070
2018,7461
2018,11558
2019,1
2019,5
2019,8
2019,10
2019,12
2019,16
2019,22
2019,29
2019,44
2019,47
2019,51
2019,58
2019,65
2019,91
2019,354
2019,505
2019,706
2019,922
2019,982
2019,1085
2019,1461
2019,2101
2019,2847
2019,3366
2019,10277
2019,11306
2019,11562
2019,11570
2019,11573
2019,11578
2019,11581
2019,11583
2020,1
2020,2
2020,8
2020,12
2020,14
2020,18
2020,22
2020,46
2020,65
2020,83
2020,91
2020,139
2020,156
2020,323
2020,1248
2020,3370
2020,4378
2020,11604
2020,11607
2021,1
2021,10
2021,12
2021,16
2021,29
2021,50
2021,91
2021,139
2021,323
2021,362
2021,469
2021,561
2021,567
2021,1027
2021,1413
2021,1423
2021,1472
2021,1741
2021,1876
2021,4086
2021,5800
2021,7712
2021,11620
2021,11623
2021,11627
2021,11628
2021,11635
2022,1
2022,8
2022,10
2022,29
2022,38
2022,213
2022,345
2022,469
2022,652
2022,2735
2022,5432
2022,9690
2022,11640
2022,11643
2022,11648
2022,11650
2022,11651
2022,11652
2023,1
2023,14
2023,220
2023,2080
2024,1
2024,8
2024,10
2024,12
2024,13
2024,16
2024,22
2024,51
2024,91
2024,354
2024,401
2024,456
2024,652
2024,918
2024,1085
2024,1153
2024,2282
2024,7309
2024,11358
2024,11672
2025,1
2025,5
2025,8
2025,10
2025,22
2025,37
2025,91
2025,220
2025,392
2025,486
2025,1733
2025,1910
2025,2117
2025,11306
2026,1
2026,8
2026,10
2026,18
2026,22
2026,36
2026,59
2026,64
2026,91
2026,123
2026,210
2026,396
2026,1001
2026,1411
2026,7594
2026,7598
2026,9561
2026,11702
2027,1
2027,8
2027,14
2027,18
2027,22
2027,47
2027,91
2028,1
2028,10
2028,14
2028,29
2028,1235
2028,1989
2028,3020
2028,8855
2029,1
2029,8
2029,10
2029,16
2029,37
2029,1286
2029,1473
2029,2193
2030,12
2030,14
2030,1235
2030,1423
2030,2932
2030,8025
2031,14
2031,91
2031,210
2031,927
2031,11744
2031,11745
2033,12
2033,13
2033,18
2033,22
2033,111
2033,370
2033,423
2033,469
2033,1235
2033,2837
2033,11760
2033,11762
2033,11763
2033,11765
2033,11766
2033,11767
2033,11768
2033,11769
2033,11771
2034,18
2034,156
2034,161
2034,396
2034,918
2034,938
2034,1036
2034,1113
2034,1305
2034,2758
2034,11775
2034,11784
2034,11785
2035,1
2035,8
2035,13
2035,14
2035,18
2035,22
2035,29
2035,41
2035,54
2035,65
2035,85
2035,91
2035,100
2035,139
2035,208
2035,323
2035,362
2035,422
2035,537
2035,1027
2035,1085
2035,1107
2035,1153
2035,1561
2035,1816
2035,7826
2035,10165
2035,11794
2035,11800
2035,11803
2035,11804
2035,11808
2035,11813
2035,11814
2035,11816
2035,11817
2035,11819
2036,1
2036,8
2036,10
2036,13
2036,20
2036,22
2036,23
2036,29
2036,37
2036,396
2036,486
2036,541
2036,559
2036,2090
2036,2095
2036,2291
2036,6380
2036,11829
2036,11835
2036,11837
2037,1
2037,10
2037,14
2037,15
2037,16
2037,40
2037,50
2037,59
2037,78
2037,83
2037,85
2037,91
2037,210
2037,211
2037,401
2037,1020
2037,1025
2037,1036
2037,1085
2037,1129
2037,8192
2037,8228
2037,8406
2037,10804
2039,1
2039,8
2039,13
2039,14
2039,22
2039,31
2039,54
2039,129
2039,139
2039,194
2039,208
2039,211
2039,220
2039,396
2039,1027
2039,1230
2039,5248
2039,10822
2039,11089
2039,11898
2039,11899
2040,13
2040,15
2040,18
2040,20
2040,22
2040,132
2040,156
2040,422
2040,583
2040,2815
2040,11903
2040,11912
2041,1
2041,8
2041,12
2041,445
2041,11917
2041,11918
2041,11919
2042,1
2042,14
2042,15
2042,22
2042,123
2042,401
2042,994
2042,2116
2042,2586
2042,11648
2042,11921
2042,11926
2043,1
2043,8
2043,10
2043,23
2043,37
2043,486
2045,1
2045,10
2045,16
2045,64
2045,65
2045,345
2045,10224
2045,11972
2045,11973
2045,11974
2045,11975
2046,1
2046,8
2046,12
2046,18
2046,211
2046,445
2046,10433
2046,11917
2046,11918
2046,11919
2047,13
2047,14
2047,38
2047,141
2047,230
2047,231
2047,234
2047,902
2047,939
2047,11995
2047,11997
2047,11998
2047,12001
2047,12002
2047,12003
2048,1
2048,10
2048,16
2048,22
2048,48
2048,51
2048,123
2048,561
2048,1042
2048,1056
2048,1709
2048,3704
2048,7722
2049,1
2049,12
2049,13
2049,14
2049,36
2049,59
2049,91
2049,141
2049,445
2049,927
2049,1235
2049,1558
2049,11085
2049,12019
2049,12027
2050,1
2050,10
2050,14
2050,16
2051,1
2051,10
2051,3144
2051,12038
2051,12039
2051,12041
2052,1
2052,8
2052,10
2052,12
2052,14
2052,16
2052,141
2052,1001
2053,1
2053,12
2053,14
2053,137
2053,140
2053,141
2053,156
2054,1
2054,8
2054,10
2054,16
2054,18
2054,20
2054,50
2054,110
2054,139
2054,356
2054,847
2054,2101
2054,2119
2054,8501
2055,10
2055,14
2055,22
2055,38
2055,91
2055,118
2055,120
2055,323
2055,424
2055,469
2055,470
2055,583
2055,911
2055,992
2055,1112
2055,1113
2055,1930
2055,11424
2055,12083
2055,12084
2055,12085
2055,12087
2055,12092
2055,12093
2055,12094
2055,12095
2055,12097
2055,12098
2055,12099
2056,1
2056,8
2056,14
2056,15
2056,50
2056,59
2056,123
2056,12106
2057,1
2058,1
2058,2
2058,8
2058,10
2058,18
2058,91
2058,192
2058,211
2058,396
2058,919
2058,1020
2058,1248
2058,1500
2058,2081
2058,2083
2058,5210
2058,12109
2058,12114
2058,12127
2059,1
2059,8
2059,10
2059,20
2059,22
2059,40
2059,60
2059,8256
2059,8324
2059,8779
2059,10433
2060,1
2060,5
2060,8
2060,10
2060,14
2060,15
2060,16
2060,23
2060,37
2060,58
2060,141
2060,367
2060,385
2060,386
2060,524
2060,994
2060,12149
2061,1
2061,5
2061,8
2061,10
2061,18
2061,22
2061,36
2061,37
2061,85
2061,91
2061,120
2061,137
2061,169
2061,469
2061,486
2061,524
2061,541
2061,1650
2061,8121
2061,8511
2061,12174
2061,12176
2062,1
2062,5
2062,10
2062,13
2062,16
2062,18
2062,20
2062,47
2062,58
2062,1910
2062,5100
2062,8036
2062,8406
2062,9520
2062,10649
2062,11558
2062,12192
2062,12194
2063,1
2063,8
2063,12
2063,14
2063,445
2063,2090
2064,1
2064,2
2064,8
2064,12
2064,15
2064,18
2064,22
2064,1305
2064,5210
2064,7666
2065,1
2065,8
2065,10
2065,14
2065,16
2065,22
2065,44
2065,46
2065,64
2065,65
2065,66
2065,91
2065,123
2065,505
2065,1056
2065,12224
2066,1
2066,8
2066,12
2066,167
2066,12232
2066,12233
2066,12234
2067,12
2067,22
2067,125
2067,12237
2068,1
2068,10
2068,12
2068,14
2068,233
2068,902
2068,1875
2068,12246
2068,12247
2069,10
2069,15
2069,22
2069,29
2069,1709
2070,1
2070,8
2070,10
2070,12
2070,13
2070,14
2070,18
2070,20
2070,22
2070,36
2070,59
2070,78
2070,91
2070,209
2070,210
2070,456
2070,927
2070,1001
2070,1232
2070,1241
2070,1248
2070,2080
2070,2539
2070,2998
2070,8855
2070,12263
2070,12270
2070,12275
2070,12276
2070,12279
2070,12280
2070,12283
2071,1
2071,18
2071,59
2071,60
2071,141
2071,362
2071,911
2071,1113
2071,1423
2071,1708
2071,2498
2071,5210
2071,8219
2071,10035
2071,11085
2071,12287
2071,12289
2071,12291
2071,12292
2071,12293
2071,12294
2071,12299
2071,12305
2071,12306
2071,12308
2071,12310
2071,12311
2071,12312
2071,12313
2071,12314
2071,12315
2071,12316
2071,12317
2071,12318
2071,12319
2071,12320
2071,12321
2071,12322
2071,12323
2071,12324
2071,12325
2071,12326
2071,12327
2071,12328
2073,1
2073,8
2073,10
2073,12
2073,13
2073,14
2073,18
2073,20
2073,22
2073,36
2073,65
2073,83
2073,132
2073,137
2073,139
2073,141
2073,208
2073,211
2073,396
2073,469
2073,902
2073,911
2073,1500
2073,2291
2073,2875
2073,7480
2073,12369
2074,3
2074,14
2074,36
2074,59
2074,211
2074,1465
2074,1500
2074,1620
2074,2539
2074,11369
2074,12370
2074,12371
2074,12372
2074,12376
2074,12378
2074,12382
2074,12384
2074,12386
2074,12387
2074,12388
2074,12389
2075,1
2075,8
2075,10
2075,14
2075,29
2075,37
2075,486
2075,4338
2075,8219
2077,1
2077,10
2077,29
2077,47
2077,91
2077,118
2077,362
2077,364
2077,1027
2077,1423
2077,1704
2077,1724
2077,1989
2077,2709
2077,12414
2077,12421
2077,12424
2078,1
2078,13
2078,168
2078,2496
2078,12430
2078,12431
2078,12432
2078,12434
2079,1
2079,8
2079,10
2079,14
2079,16
2079,18
2079,22
2079,46
2079,48
2079,91
2079,123
2079,141
2079,213
2079,411
2079,469
2079,505
2079,1085
2079,1235
2079,1465
2079,1620
2079,1875
2079,2267
2079,7617
2079,11085
2079,12436
2079,12438
2079,12439
2079,12444
2079,12454
2079,12456
2079,12460
2079,12462
2079,12466
2079,12468
2079,12469
2080,1
2080,141
2080,1241
2080,1423
2080,1666
2080,2017
2080,12475
2080,12478
2080,12479
2080,12480
2080,12481
2080,12482
2080,12483
2080,12484
2080,12485
2081,1
2081,10
2081,15
2081,22
2081,100
2081,141
2082,10
2082,12
2082,1411
2082,1412
2082,1413
2082,7738
2082,12498
2082,12499
2083,1
2083,8
2083,10
2083,13
2083,14
2083,16
2083,18
2083,22
2083,29
2083,36
2083,40
2083,41
2083,48
2083,123
2083,208
2083,211
2083,396
2083,422
2083,469
2083,482
2083,1042
2083,1056
2083,2500
2083,2567
2083,8219
2083,10092
2083,11216
2083,12514
2083,12528
2083,12529
2084,1
2084,5
2084,8
2084,10
2084,15
2084,22
2084,47
2084,68
2084,118
2084,120
2084,129
2084,364
2084,511
2084,537
2084,2181
2084,2242
2084,3380
2084,12539
2085,1
2085,12
2085,445
2085,1473
2085,2601
2086,1
2086,3
2086,5
2086,8
2086,10
2086,14
2086,15
2086,22
2086,29
2086,65
2086,83
2086,210
2086,212
2086,367
2086,401
2086,419
2086,1423
2086,1620
2086,2777
2086,2909
2086,3476
2086,5113
2086,12559
2086,12567
2086,12568
2086,12569
2086,12570
2086,12571
2086,12573
2086,12574
2086,12575
2086,12576
2086,12577
2086,12578
2086,12581
2086,12583
2086,12584
2086,12585
2087,1
2087,5
2087,8
2087,10
2087,12
2087,13
2087,14
2087,16
2087,18
2087,21
2087,22
2087,25
2087,37
2087,38
2087,40
2087,59
2087,396
2087,556
2087,1234
2087,1910
2087,7932
2087,11813
2087,12602
2087,12603
2087,12611
2087,12612
2087,12616
2088,1
2088,2
2088,5
2088,8
2088,10
2088,14
2088,16
2088,22
2088,36
2088,37
2088,59
2088,91
2088,110
2088,118
2088,123
2088,141
2088,210
2088,1194
2088,1234
2088,1253
2088,1724
2088,1816
2088,2127
2088,2597
2088,7825
2088,10011
2088,12629
2089,1
2089,5
2089,8
2089,10
2089,14
2089,16
2089,29
2089,37
2089,123
2089,220
2089,1290
2089,1782
2089,1875
2089,1910
2089,3704
2089,12656
2089,12657
2089,12659
2089,12660
2089,12661
2089,12662
2090,1
2090,10
2090,14
2090,18
2090,22
2090,36
2090,50
2090,59
2090,123
2090,396
2090,482
2090,900
2090,1042
2090,1484
2090,1740
2090,2403
2090,2417
2090,7309
2090,8025
2090,12438
2090,12672
2091,1
2091,18
2091,36
2091,59
2091,211
2091,396
2091,456
2091,918
2091,921
2091,1500
2091,1560
2091,11620
2091,12694
2091,12698
2092,1
2092,5
2092,8
2092,10
2092,18
2092,22
2092,36
2092,37
2092,85
2092,91
2092,120
2092,169
2092,210
2092,469
2092,486
2092,524
2092,541
2092,1650
2092,8121
2092,8511
2092,12174
2092,12176
2093,1
2093,13
2093,18
2093,22
2093,44
2093,156
2093,583
2093,981
2093,1861
2093,2868
2093,12732
2093,12733
2093,12734
2094,1
2094,10
2094,3144
2094,12038
2094,12041
2095,1
2095,12
2095,13
2095,14
2095,18
2095,20
2095,91
2095,211
2095,354
2095,422
2095,2097
2095,7309
2095,8127
2095,10433
2095,12749
2095,12754
2095,12755
2096,1
2096,8
2096,18
2096,22
2096,23
2096,46
2096,141
2096,354
2096,392
2096,981
2096,1159
2096,1517
2096,7287
2096,8779
2096,12127
2097,1
2097,12
2097,14
2097,22
2097,36
2097,38
2097,91
2097,194
2097,396
2097,7461
2097,8025
2097,12779
2097,12780
2097,12781
2097,12786
2097,12788
2097,12789
2099,13
2099,59
2099,78
2099,85
2099,91
2099,210
2099,396
2099,1025
2099,2117
2099,11113
2099,12802
2100,1
2100,8
2100,21
2100,65
2100,445
2100,911
2100,2363
2101,13
2101,20
2101,40
2101,211
2101,10408
2101,11498
2101,12816
2101,12817
2101,12819
2101,12820
2101,12822
2101,12825
2101,12827
2101,12828
2101,12829
2101,12830
2101,12831
2101,12832
2101,12833
2101,12834
2103,1
2103,5
2103,8
2103,12
2103,59
2103,911
2103,1311
2103,1500
2103,1560
2103,1764
2103,1930
2103,8121
2103,9148
2103,12849
2103,12859
2103,12861
2104,6
2104,18
2104,38
2104,50
2104,79
2104,118
2104,123
2104,396
2104,918
2104,1850
2104,7309
2104,8727
2104,10617
2104,12672
2104,12867
2104,12870
2104,12871
2104,12874
2104,12879
2104,12883
2105,13
2105,14
2105,18
2105,20
2105,47
2105,48
2105,50
2105,54
2105,123
2105,156
2105,918
2105,1423
2105,1930
2105,2860
2105,12892
2105,12894
2105,12899
2106,1
2106,13
2106,18
2106,38
2106,120
2106,422
2106,1473
2106,2731
2106,12909
2107,1
2107,8
2107,12
2107,13
2107,14
2107,18
2107,22
2107,482
2107,1620
2107,2932
2107,8303
2107,9495
2107,10286
2108,13
2108,22
2108,100
2108,110
2108,120
2108,9157
2108,12924
2108,12925
2108,12927
2108,12929
2108,12930
2108,12931
2108,12934
2108,12936
2109,1
2109,8
2109,10
2109,16
2109,18
2109,22
2109,139
2109,208
2109,209
2109,1409
2109,3338
2109,4931
2109,8779
2109,12949
2110,1
2110,8
2110,12
2110,13
2110,14
2110,18
2110,22
2110,44
2110,132
2110,208
2110,209
2110,583
2111,1
2111,8
2111,13
2111,18
2111,22
2111,36
2111,46
2111,47
2111,91
2111,123
2111,141
2111,1029
2111,1500
2111,12973
2112,1
2112,10
2112,83
2112,212
2112,213
2112,346
2112,2181
2112,2758
2112,12986
2113,1
2113,8
2113,14
2113,37
2113,230
2113,7330
2113,10963
2113,12992
2113,12993
2113,12996
2114,1
2114,8
2114,10
2114,14
2114,15
2114,18
2114,91
2114,208
2114,323
2114,583
2114,1027
2114,1413
2114,1963
2114,2099
2114,2424
2114,2875
2114,8406
2114,11216
2115,14
2115,60
2115,899
2115,13017
2116,1
2116,10
2116,16
2116,29
2116,44
2116,401
2116,3038
2116,13025
2117,1
2117,8
2117,12
2117,8121
2118,1
2118,18
2118,22
2119,1
2119,8
2119,14
2119,54
2119,118
2119,120
2119,129
2119,208
2119,211
2119,220
2119,396
2119,1027
2119,1085
2119,1230
2119,1704
2119,10822
2119,11898
2119,11899
2119,13048
2120,1
2120,10
2120,12
2120,18
2120,20
2120,50
2120,91
2120,1932
2121,1
2121,8
2121,10
2121,13
2121,18
2121,23
2121,37
2121,38
2121,40
2121,85
2121,91
2121,367
2121,1343
2121,2417
2121,10408
2121,12369
2121,12909
2121,13062
2121,13077
2121,13080
2121,13081
2122,1
2122,13
2122,14
2122,419
2122,2815
2122,13084
2122,13088
2122,13089
2123,10
2123,16
2123,68
2123,510
2123,1085
2123,13094
2123,13096
2124,13
2124,40
2124,80
2124,91
2124,392
2124,1225
2124,1989
2125,1
2125,2
2125,5
2125,10
2125,36
2125,59
2125,85
2125,161
2125,210
2125,211
2125,1020
2125,1253
2125,2127
2125,2498
2125,2773
2125,5214
2125,10433
2125,11305
2125,12825
2125,12986
2125,13113
2125,13118
2125,13119
2125,13120
2125,13122
2125,13124
2125,13126
2125,13127
2125,13128
2125,13132
2125,13133
2125,13134
2125,13135
2126,1
2126,3
2126,8
2126,10
2126,13
2126,14
2126,36
2126,37
2126,38
2126,40
2126,41
2126,123
2126,141
2126,211
2126,396
2126,1290
2126,13150
2126,13153
2126,13154
2127,1
2127,14
2127,46
2127,59
2127,91
2127,927
2127,1235
2127,2658
2127,2721
2127,13156
2127,13160
2127,13165
2128,8
2128,13
2128,14
2128,15
2128,18
2128,22
2128,38
2128,47
2128,156
2128,208
2128,1558
2128,2815
2128,13174
2128,13180
2128,13182
2128,13183
2128,13184
2128,13185
2128,13186
2129,1
2129,8
2129,2282
2129,2483
2129,3038
2129,8219
2130,1
2130,8
2130,10
2130,12
2130,13
2130,14
2130,16
2130,18
2130,29
2130,41
2130,59
2130,109
2130,111
2130,208
2130,211
2130,482
2130,2500
2130,8219
2130,10092
2130,12528
2130,12529
2130,13214
2131,1
2131,10
2131,12
2131,22
2131,29
2131,47
2131,55
2131,58
2131,982
2131,1133
2131,2777
2131,7245
2131,13219
2131,13220
2132,1
2132,2
2132,5
2132,18
2132,22
2132,38
2132,40
2132,60
2132,210
2132,211
2132,831
2132,834
2132,902
2132,1290
2132,2083
2132,2127
2132,2847
2132,13232
2132,13242
2133,1
2133,18
2133,36
2133,902
2133,2777
2133,7287
2133,13248
2134,1
2134,5
2134,8
2134,10
2134,14
2134,18
2134,22
2134,58
2134,524
2134,1194
2134,1709
2134,2597
2134,13256
2135,1
2135,8
2135,18
2135,44
2135,141
2135,364
2135,537
2135,1875
2135,1891
2135,3038
2135,7287
2135,13273
2136,1
2136,8
2136,12
2136,8511
2137,20
2137,230
2137,5250
2138,1
2138,12
2138,14
2138,22
2138,36
2138,83
2138,210
2138,1025
2138,1027
2138,13289
2139,1
2139,8
2139,10
2139,14
2139,16
2139,18
2139,20
2139,22
2139,44
2139,120
2139,123
2139,139
2139,210
2139,547
2139,1042
2139,1056
2140,18
2140,38
2140,44
2140,110
2140,13317
2141,1
2141,12
2141,14
2141,20
2141,22
2141,83
2141,210
2141,1025
2141,1027
2141,13289
2142,1
2142,10
2142,14
2142,16
2142,345
2142,1701
2142,1830
2142,3316
2142,13332
2142,13333
2143,12
2143,15
2143,13340
2143,13341
2144,156
2144,323
2144,967
2144,992
2144,2731
2144,10011
2144,13342
2144,13343
2144,13344
2144,13345
2144,13348
2144,13350
2144,13352
2144,13353
2144,13356
2144,13357
2144,13358
2145,8
2145,15
2145,18
2145,47
2145,50
2145,91
2145,345
2145,356
2145,579
2145,1027
2145,1113
2145,1500
2145,8219
2145,10277
2145,13364
2146,1
2146,2
2146,10
2146,14
2146,16
2146,18
2146,22
2146,59
2146,91
2146,120
2146,208
2146,396
2146,537
2146,547
2146,1230
2146,2117
2146,7245
2146,13376
2146,13380
2146,13389
2147,18
2147,123
2147,456
2147,13394
2147,13396
2148,1
2148,14
2149,1
2149,18
2149,22
2149,392
2149,7245
2149,11573
2150,1
2150,10
2150,12
2150,14
2150,111
2151,36
2151,59
2151,1620
2151,2539
2151,2567
2152,1
2152,8
2152,10
2152,12
2152,29
2154,8
2154,10
2154,12
2154,14
2154,69
2154,11012
2155,1
2155,8
2155,10
2155,14
2155,389
2155,994
2156,1
2156,12
2156,109
2156,111
2157,1
2157,8
2157,10
2157,14
2157,567
2158,1
2158,8
2158,10
2158,12
2158,14
2158,29
2158,47
2158,141
2158,220
2160,1
2160,8
2160,10
2160,14
2160,15
2160,29
2160,91
2160,345
2160,346
2160,362
2160,401
2160,537
2161,14
2161,44
2161,66
2161,85
2161,123
2161,2080
2161,2483
2162,123
2162,1042
2162,1056
2163,10
2163,12
2163,14
2163,54
2163,68
2163,511
2163,1027
2163,1153
2163,1263
2163,1536
2163,1620
2163,1703
2163,13476
2163,13478
2164,1
2164,10
2164,12
2164,14
2164,16
2164,567
2164,2773
2164,13494
2165,1
2165,2
2165,10
2165,14
2165,16
2165,29
2165,59
2165,847
2165,2080
2165,2118
2165,2539
2165,2735
2165,3051
2165,8219
2165,13500
2165,13505
2165,13507
2165,13511
2165,13514
2167,1
2167,10
2167,16
2167,141
2168,8
2168,12
2168,1875
2169,1
2169,12
2169,14
2170,1
2170,12
2170,3968
2172,1
2172,13
2172,15
2172,18
2172,85
2172,100
2173,1
2173,8
2173,46
2173,13536
2174,1
2174,8
2174,10
2174,12
2174,14
2174,16
2174,231
2174,411
2174,9071
2174,13544
2174,13545
2174,13546
2174,13547
2174,13548
2174,13551
2174,13553
2176,1
2176,10
2176,14
2176,15
2176,16
2176,29
2176,2017
2176,2033
2176,2040
2176,2193
2176,3301
2176,5049
2176,5619
2176,9158
2176,13555
2176,13556
2176,13557
2176,13566
2176,13568
2177,1
2177,10
2177,29
2177,51
2177,60
2177,1043
2177,1085
2177,2083
2177,2120
2177,2363
2177,2365
2177,2758
2177,3476
2177,4086
2177,5800
2177,7712
2177,13573
2177,13586
2177,13591
2177,13592
2178,14
2178,123
2179,1
2179,8
2179,10
2179,14
2179,46
2180,1
2180,8
2180,10
2180,14
2180,16
2180,37
2180,401
2180,1085
2181,1
2181,10
2181,16
2181,18
2181,22
2181,47
2181,141
2181,161
2181,4177
2182,1
2182,10
2182,12
2182,411
2183,1
2183,8
2183,10
2183,14
2183,15
2183,22
2183,1353
2183,1850
2183,7697
2184,1
2184,10
2184,16
2184,921
2184,1043
2184,1045
2184,1411
2184,1412
2184,1413
2184,1436
2184,1733
2184,2017
2184,2033
2184,2040
2184,2058
2184,2136
2184,3180
2184,3338
2184,13636
2184,13639
2184,13642
2184,13644
2184,13650
2184,13653
2184,13654
2185,1
2185,398
2185,1620
2185,2773
2185,13658
2185,13660
2187,1
2187,10
2187,16
2187,18
2187,29
2187,50
2187,1085
2187,2496
2189,1
2189,10
2189,14
2189,16
2189,22
2189,44
2189,111
2189,456
2189,567
2189,11193
2190,18
2190,100
2190,123
2190,567
2190,1056
2191,5
2191,29
2191,47
2191,141
2191,362
2191,364
2191,366
2191,537
2191,1025
2191,1026
2191,1027
2191,1085
2191,1466
2191,1650
2191,12656
2191,13692
2191,13694
2191,13700
2192,1
2192,8
2192,10
2192,14
2192,15
2192,16
2192,29
2192,65
2192,74
2192,83
2192,362
2192,537
2193,41
2193,59
2193,91
2193,141
2193,210
2193,13714
2193,13715
2193,13716
2195,14
2195,123
2195,1042
2195,1056
2195,7245
2196,1
2196,8
2196,14
2196,141
2196,994
2196,2777
2198,18
2198,2539
2199,1
2199,8
2199,10
2199,12
2199,14
2199,44
2199,994
2199,10888
2200,15
2200,22
2200,139
2201,18
2201,22
2201,123
2202,1
2202,2
2202,8
2202,12
2202,14
2202,65
2202,83
2202,8231
2202,13752
2203,1
2203,8
2203,10
2203,12
2203,14
2203,16
2204,1
2204,12
2204,14
2204,1113
2204,2291
2204,2601
2205,1
2205,8
2205,12
2205,14
2205,411
2206,123
2206,401
2206,422
2206,445
2206,2090
2206,2965
2206,13781
2207,1
2207,10
2207,16
2207,567
2207,3968
2207,13787
2208,1
2208,8
2208,10
2208,12
2208,14
2208,16
2209,1
2209,14
2209,44
2209,122
2209,123
2209,2302
2210,10
2210,16
2210,18
2210,54
2210,345
2210,354
2210,560
2210,567
2210,11837
2210,12312
2210,12318
2210,13804
2210,13812
2211,1
2211,8
2211,10
2211,14
2211,29
2211,37
2211,66
2211,1704
2211,2363
2211,7385
2212,1
2212,8
2212,10
2212,12
2212,16
2213,1
2213,18
2213,91
2213,120
2213,141
2213,161
2213,1248
2213,1679
2213,2417
2213,13830
2213,13831
2214,1
2214,14
2214,1989
2214,2080
2215,22
2215,29
2215,91
2215,220
2215,1457
2215,13846
2216,12
2216,14
2216,4021
2216,13849
2216,13850
2216,13852
2216,13853
2216,13854
2216,13855
2216,13856
2217,1
2217,10
2217,14
2217,15
2217,16
2217,22
2217,208
2217,211
2217,396
2217,567
2217,915
2217,1020
2217,1027
2217,1036
2217,13864
2218,1
2218,10
2218,16
2218,18
2218,36
2218,59
2218,91
2218,100
2218,141
2218,392
2219,1
2219,10
2219,14
2219,46
2219,123
2220,22
2220,44
2220,111
2220,123
2220,13892
2221,567
2221,1278
2223,123
2223,1042
2223,1620
2223,1740
2223,13897
2224,1
2224,5
2224,10
2224,12
2224,14
2225,110
2226,1
2226,8
2226,10
2226,16
2226,18
2226,29
2226,41
2226,50
2226,208
2226,394
2226,1001
2226,1085
2226,1500
2226,1603
2226,1991
2226,2815
2226,2837
2226,7245
2227,10
2227,12
2227,14
2227,13928
2228,2090
2228,5330
2228,13929
2229,8
2229,10
2229,14
2229,16
2229,141
2229,346
2229,2413
2230,12
2231,1
2231,7
2231,10
2231,15
2231,16
2231,18
2231,22
2231,23
2231,37
2231,385
2231,2101
2232,1
2232,10
2232,392
2233,1
2233,8
2233,10
2233,14
2233,15
2233,16
2233,23
2233,994
2234,123
2234,1042
2234,1620
2234,1740
2234,2773
2234,13897
2235,110
2236,1
2236,8
2236,12
2236,14
2236,445
2236,979
2236,1423
2236,1620
2236,13974
2237,1
2237,14
2238,1
2238,10
2238,12
2238,22
2238,50
2238,59
2238,1001
2238,1107
2238,1225
2238,2815
2238,3301
2238,3855
2238,5248
2238,11305
2238,13988
2238,13995
2239,1
2239,10
2239,16
2239,921
2239,1043
2239,1045
2239,1411
2239,1412
2239,1413
2239,2017
2239,2033
2239,2040
2239,2058
2239,2758
2239,3180
2239,4378
2239,7825
2239,13636
2239,13642
2239,13650
2239,13653
2239,13654
2239,14009
2239,14019
2240,36
2240,939
2240,1558
2240,1620
2240,2539
2241,12
2241,14
2241,111
2241,14027
2242,15
2242,29
2242,354
2242,1027
2244,8
2244,14
2244,15
2244,29
2244,401
2244,2181
2245,12
2245,14
2245,15
2245,22
2245,1930
2245,5391
2245,14040
2245,14041
2245,14046
2246,110
2247,6
2247,12
2247,15
2247,1423
2247,1620
2248,1
2248,8
2248,10
2248,14
2248,16
2249,1
2249,12
2249,14
2249,967
2249,14061
2249,14064
2250,1
2250,10
2250,14
2250,46
2250,123
2251,1
2251,8
2251,10
2251,12
2251,16
2252,1
2252,12
2252,14
2252,83
2252,1025
2252,1027
2252,13289
2253,8
2253,123
2253,1056
2253,5087
2254,1
2254,8
2254,12
2254,14
2254,15
2254,58
2254,401
2254,1816
2254,7245
2255,1
2255,15
2255,22
2255,91
2255,1027
2255,1457
2257,1
2257,13
2257,38
2257,2659
2258,12
2258,111
2258,14106
2258,14108
2259,12
2260,12
2260,18
2260,22
2260,44
2260,91
2260,323
2260,422
2260,561
2260,567
2260,583
2260,1027
2260,1971
2260,2815
2260,2868
2261,1
2261,8
2261,10
2261,14
2261,29
2261,37
2261,83
2261,2363
2261,7385
2262,12
2263,1
2263,8
2263,10
2263,14
2263,16
2263,47
2263,64
2263,65
2263,83
2263,141
2263,323
2264,1
2264,12
2273,1
2273,5
2273,10
2273,4698
2274,14151
2275,1
2275,12